feature_id,B73_Control_Epibiota_1,B73_Control_Epibiota_2,B73_Control_Epibiota_3,B73_Control_Epibiota_4,B73_Mix_Epibiota_1,B73_Mix_Epibiota_2,B73_Mix_Epibiota_3,B73_K49_Epibiota_1,B73_K49_Epibiota_2,B73_K49_Epibiota_3,B73_Tox4_Epibiota_1,B73_Tox4_Epibiota_2,B73_Tox4_Epibiota_3,B73_Control_Endobiota_1,B73_Control_Endobiota_2,B73_Control_Endobiota_3,B73_Mix_Endobiota_1,B73_Mix_Endobiota_2,B73_Mix_Endobiota_3,B73_K49_Endobiota_1,B73_K49_Endobiota_2,B73_K49_Endobiota_3,B73_Tox4_Endobiota_1,B73_Tox4_Endobiota_2,B73_Tox4_Endobiota_3,CML322_Control_Epibiota_1,CML322_Control_Epibiota_2,CML322_Control_Epibiota_3,CML322_Control_Epibiota_4,CML322_Mix_Epibiota_1,CML322_Mix_Epibiota_2,CML322_Mix_Epibiota_3,CML322_K49_Epibiota_1,CML322_K49_Epibiota_2,CML322_K49_Epibiota_3,CML322_Tox4_Epibiota_1,CML322_Tox4_Epibiota_2,CML322_Tox4_Epibiota_3,CML322_Control_Endobiota_1,CML322_Control_Endobiota_2,CML322_Control_Endobiota_3,CML322_Mix_Endobiota_1,CML322_Mix_Endobiota_2,CML322_Mix_Endobiota_3,CML322_K49_Endobiota_1,CML322_K49_Endobiota_2,CML322_K49_Endobiota_3,CML322_Tox4_Endobiota_1,CML322_Tox4_Endobiota_2,CML322_Tox4_Endobiota_3,Kingdom,Phylum,Class,Order,Family,Genus,Species
4846bbd548883dba85c41f8ae55ef879,0,0,0,0,0,0,0,0,0,0,0,0,2,0,0,0,0,0,0,0,0,0,0,0,0,0,0,0,0,0,0,0,0,0,0,0,0,0,0,0,0,0,0,0,0,0,0,0,0,0,Fungi,Basidiomycota,Agaricomycetes,NA,NA,NA,NA
39ba4be6451b297fbcefb9aa982b356d,0,0,0,0,0,0,0,0,0,0,0,0,0,0,0,0,0,0,0,0,0,0,0,0,0,5,0,0,0,0,0,0,0,0,0,0,0,0,0,0,0,0,0,0,0,0,0,0,0,0,Fungi,Basidiomycota,Agaricomycetes,NA,NA,NA,NA
b088f3464b7b41abc91f3988fbdd53c2,0,0,0,0,0,0,0,0,0,0,0,0,0,0,0,0,0,0,0,0,0,0,0,0,0,31,0,0,0,0,0,0,0,0,0,0,0,0,0,0,0,0,0,0,0,0,0,0,0,0,Fungi,Basidiomycota,Agaricomycetes,Agaricales,Psathyrellaceae,Coprinellus,Coprinellus_xanthothrix
e8017e0ad082e7db8d5cd856918fdaf8,0,0,0,0,0,0,0,0,0,0,0,0,0,0,0,0,0,0,0,0,0,0,0,0,0,8,0,0,0,0,0,0,0,0,0,0,0,0,0,0,0,0,0,0,0,0,0,0,0,0,Fungi,Basidiomycota,Agaricomycetes,Agaricales,Psathyrellaceae,Coprinellus,Coprinellus_disseminatus
3eb71862b275314161da5361d56e89ce,0,0,0,0,0,0,0,0,0,0,0,0,0,0,0,0,0,0,0,0,0,0,0,0,0,9,0,0,0,0,0,0,0,0,0,0,0,0,0,0,0,0,0,0,0,0,0,0,0,0,Fungi,Basidiomycota,Agaricomycetes,Agaricales,Entolomataceae,Clitopilus,unidentified
c958ec89b17fd60a3f09996132b9cdd3,0,0,0,0,0,0,0,0,0,0,0,0,0,0,0,0,0,0,0,0,0,0,0,0,0,7,0,0,0,0,0,0,0,0,0,0,0,0,0,0,0,0,0,0,0,0,0,0,0,0,Fungi,Basidiomycota,Agaricomycetes,NA,NA,NA,NA
247d2f829273f039ac50a3393b46ad14,0,0,0,0,0,0,0,0,0,0,0,0,0,0,0,0,0,0,0,0,0,0,0,0,0,0,7,0,0,0,0,0,0,0,0,0,0,0,0,0,0,0,0,0,0,0,0,0,0,0,Fungi,Basidiomycota,Agaricomycetes,Cantharellales,Ceratobasidiaceae,Waitea,Waitea_circinata
ddf55d64f4397517fea7a700daadaf34,0,0,0,0,0,0,0,0,0,0,0,0,0,0,0,0,0,0,0,0,0,0,0,0,0,3,0,0,0,0,0,0,0,0,0,0,0,0,0,0,0,0,0,0,0,0,0,0,0,0,Fungi,Basidiomycota,Agaricomycetes,Cantharellales,Ceratobasidiaceae,NA,NA
e8e5ce6e84c4fd0205dd4751c0f9984d,0,0,0,0,0,0,0,0,0,0,0,0,0,0,0,0,0,0,0,0,0,0,0,0,0,2,0,0,0,0,0,0,0,0,0,0,0,0,0,0,0,0,0,0,0,0,0,0,0,0,Fungi,Basidiomycota,Agaricomycetes,NA,NA,NA,NA
655fe4aab029178a933fae779f932931,0,0,0,0,0,0,0,0,0,0,0,0,0,0,0,0,0,0,0,0,0,0,0,0,2,0,0,0,0,0,0,0,0,0,0,0,0,0,0,0,0,0,0,0,0,0,0,0,0,0,Fungi,Basidiomycota,Agaricomycetes,Polyporales,Ischnodermataceae,Ischnoderma,Ischnoderma_resinosum
99cc17739cc37af09a285d3fd404a2a3,0,0,0,0,0,0,0,0,0,0,0,0,0,0,0,0,0,0,0,0,0,0,0,0,0,2,0,0,0,0,0,0,0,0,0,0,0,0,0,0,0,0,0,0,0,0,0,0,0,0,Fungi,Basidiomycota,Agaricomycetes,Hymenochaetales,Schizoporaceae,Hyphodontia,Hyphodontia_microspora
6df94ee1ba4334af7ade7647edf0a690,0,0,0,0,0,0,0,0,0,0,0,0,0,0,0,0,0,0,0,0,0,0,0,0,0,6,0,0,0,0,0,0,0,0,0,0,0,0,0,0,0,0,0,0,0,0,0,0,0,0,Fungi,Basidiomycota,Agaricomycetes,Hymenochaetales,Hymenochaetales_fam_Incertae_sedis,Peniophorella,Peniophorella_praetermissa
e83f64db28b6bd646c97896f4271e58c,0,0,0,0,0,0,0,0,0,0,0,0,0,0,0,0,0,0,0,0,0,0,0,0,0,6,0,0,0,0,0,0,0,0,0,0,0,0,0,0,0,0,0,0,0,0,0,0,0,0,Fungi,Basidiomycota,Agaricomycetes,NA,NA,NA,NA
4a46d867f0f172e829e0a30a81b2a4ea,0,0,0,0,0,0,0,0,0,0,0,0,0,0,0,0,0,0,0,0,0,0,0,0,0,20,0,0,0,0,0,0,0,0,0,0,0,0,0,0,0,0,0,0,0,0,0,0,0,0,Fungi,Basidiomycota,Agaricomycetes,Polyporales,NA,NA,NA
61dd5eefebe437e4c17eb2b4da76f554,0,0,0,0,0,0,0,0,2,0,0,0,0,0,0,0,0,0,0,0,0,0,0,0,0,26,0,0,0,0,0,0,0,0,0,0,0,0,0,0,0,0,0,0,0,0,0,0,0,0,Fungi,Basidiomycota,Agaricomycetes,Polyporales,Meruliaceae,Scopuloides,Scopuloides_rimosa
61ec85fcc9c4a76430cc76f6bd2abc7a,0,0,0,0,0,0,0,0,0,0,0,0,0,0,0,0,0,0,0,0,0,0,0,0,0,0,0,0,0,0,0,0,8,0,0,0,0,0,0,0,0,0,0,0,0,0,0,0,0,0,Fungi,Basidiomycota,Agaricomycetes,Polyporales,Meruliaceae,Scopuloides,Scopuloides_hydnoides
05bae2271f42d6954d05e3b849a1747c,0,0,0,0,0,0,0,0,0,0,0,0,0,0,0,0,0,0,0,0,0,0,0,0,0,3,0,0,0,0,0,0,0,0,0,0,0,0,0,0,0,0,0,0,0,0,0,0,0,0,Fungi,Basidiomycota,Agaricomycetes,NA,NA,NA,NA
5008a2cf0e13a0a0def0e899e58598ce,0,0,0,0,0,0,0,0,0,0,0,0,0,0,0,0,0,0,0,0,0,0,0,0,0,9,0,0,0,0,0,0,0,0,0,0,0,0,0,0,0,0,0,0,0,0,0,0,0,0,Fungi,Basidiomycota,Agaricomycetes,Polyporales,Meruliaceae,Aurantiporus,Aurantiporus_fissilis
1fc3173b889c7c33e5257ad10e12a0bb,0,0,0,0,0,0,0,0,4,0,0,0,0,0,0,0,0,0,0,0,0,0,0,0,0,0,0,0,0,0,0,0,0,0,0,0,0,0,0,0,0,0,0,0,0,0,0,0,0,0,Fungi,Basidiomycota,Agaricomycetes,Polyporales,Meruliaceae,Ceriporia,Ceriporia_alachuana
c39d2a5d05930d496c35131611eaa0ee,0,0,0,0,0,0,0,0,0,0,0,0,0,0,0,0,0,0,0,0,0,0,0,0,0,4,0,0,0,0,0,0,0,0,0,0,0,0,0,0,0,0,0,0,0,0,0,0,0,0,Fungi,Basidiomycota,Agaricomycetes,Polyporales,Meruliaceae,Phlebia,Phlebia_acanthocystis
d1bc54ffa520283a2962033b69280e95,0,0,0,0,0,0,0,0,0,0,0,0,0,0,0,0,0,0,0,0,0,0,0,0,0,19,0,0,0,0,0,0,0,0,0,0,0,0,0,0,0,0,0,0,0,0,0,0,0,0,Fungi,Basidiomycota,Agaricomycetes,Polyporales,Meruliaceae,Phlebia,Phlebia_subochracea
6ef52f7f3ce1b3e914bf1e1635ffc2af,0,0,0,0,0,0,0,0,0,0,0,0,0,0,0,0,0,0,0,0,0,0,0,0,0,11,0,0,0,0,0,0,0,0,0,0,0,0,0,0,0,0,0,0,0,0,0,0,0,0,Fungi,Basidiomycota,Agaricomycetes,Polyporales,Meruliaceae,Phlebia,Phlebia_floridensis
c7bd380af608e41b2109c512766c0d9c,0,0,0,0,0,0,0,0,4,0,0,0,0,0,0,0,0,0,0,0,0,0,0,0,0,17,0,0,0,0,0,0,0,0,0,0,0,0,0,0,0,0,0,0,0,0,0,0,0,0,Fungi,Basidiomycota,Agaricomycetes,Polyporales,Meruliaceae,Phlebia,Phlebia_acanthocystis
1d0314da0b7a9b333e716c0ba4690b82,0,0,0,0,0,0,0,0,0,0,0,0,0,0,0,0,0,0,0,0,0,0,0,0,0,17,0,0,0,0,0,0,0,0,0,0,0,0,0,0,0,0,0,0,0,0,0,0,0,0,Fungi,Basidiomycota,Agaricomycetes,Polyporales,Meruliaceae,Phlebia,Phlebia_chrysocreas
4726bfa55a1e8b67c4ef1f323b836fee,0,0,0,0,0,0,0,0,0,0,0,0,0,0,0,0,0,0,0,0,0,0,0,0,0,12,0,0,0,0,0,0,0,0,0,0,0,0,0,0,0,0,0,0,0,0,0,0,0,0,Fungi,Basidiomycota,Agaricomycetes,Polyporales,Meruliaceae,Phlebia,NA
4a455b2f00b4786fe0b5d0a433abfb20,0,0,0,0,0,0,0,0,0,0,0,0,0,0,0,0,0,0,0,0,0,0,0,0,0,18,0,0,0,0,0,0,0,0,0,0,0,0,0,0,0,0,0,0,0,0,0,0,0,0,Fungi,Basidiomycota,Agaricomycetes,Polyporales,Meruliaceae,Phlebia,Phlebia_chrysocreas
2f9a46f5b2d86565e2bc0705b54c0398,0,0,0,0,0,0,0,0,0,0,0,0,0,0,0,0,0,0,0,0,0,0,0,0,0,3,0,0,0,0,0,0,0,0,0,0,0,0,0,0,0,0,0,0,0,0,0,0,0,0,Fungi,Basidiomycota,Agaricomycetes,Polyporales,Meruliaceae,Phlebiopsis,unidentified
bfbca72899e5b898dbf57aa659c9d9df,0,0,0,0,0,0,0,0,0,0,0,0,0,0,0,0,0,0,0,0,0,0,0,0,0,110,0,0,0,0,0,0,0,0,0,0,0,0,0,0,0,0,0,0,0,0,0,0,0,0,Fungi,Basidiomycota,Agaricomycetes,Polyporales,Meruliaceae,unidentified,unidentified
856a919eb5b619eec206270fe64d59e3,0,0,0,0,0,0,0,0,0,0,0,0,0,0,0,0,0,0,0,0,0,0,0,0,0,10,0,0,0,0,0,0,0,0,0,0,0,0,0,0,0,0,0,0,0,0,0,0,0,0,Fungi,Basidiomycota,Agaricomycetes,Polyporales,Meruliaceae,Phlebia,Phlebia_acanthocystis
defb1079b149e80945e53912105d61ce,0,0,0,0,0,0,0,0,0,0,0,0,0,0,0,0,0,0,0,0,0,0,0,0,0,8,0,0,0,0,0,0,0,0,0,0,0,0,0,0,0,0,0,0,0,0,0,0,0,0,Fungi,Basidiomycota,Agaricomycetes,Polyporales,unidentified,unidentified,unidentified
24a87b8ef6f239897b139287dd68650a,0,0,0,0,0,0,0,0,0,0,0,0,0,0,0,0,0,0,0,0,0,0,0,0,0,11,0,0,0,0,0,0,0,0,0,0,0,0,0,0,0,0,0,0,0,0,0,0,0,0,Fungi,Basidiomycota,Agaricomycetes,Polyporales,NA,NA,NA
465770fe5431c356b774e464e883e114,0,0,0,0,0,0,0,0,0,0,0,0,0,0,0,0,0,0,0,0,0,0,0,0,0,9,0,0,0,0,0,0,0,0,0,0,0,0,0,0,0,0,0,0,0,0,0,0,0,0,Fungi,Basidiomycota,Agaricomycetes,Polyporales,Meruliaceae,Phlebiopsis,unidentified
4f234edc9fb059eafdf484ecbd3beb24,0,0,0,0,0,0,0,0,0,0,0,0,0,0,0,0,0,0,0,0,0,0,0,0,0,15,0,0,0,0,0,0,0,0,0,0,0,0,0,0,0,0,0,0,0,0,0,0,0,0,Fungi,Basidiomycota,Agaricomycetes,Polyporales,Meruliaceae,Phlebiopsis,unidentified
f0c1042f44cfd0050505042329f185b5,0,0,0,0,0,0,0,0,0,0,0,0,0,0,0,0,0,0,0,0,0,0,0,0,0,13,0,0,0,0,0,0,0,0,0,0,0,0,0,0,0,0,0,0,0,0,0,0,0,0,Fungi,Basidiomycota,Agaricomycetes,Polyporales,Meruliaceae,Phanerochaete,unidentified
90713da5ab5ff5d1af5171a46279dc6c,0,0,0,0,0,0,0,0,0,0,0,0,0,0,0,0,0,0,0,0,0,0,0,0,0,9,0,0,0,0,0,0,0,0,0,0,0,0,0,0,0,0,0,0,0,0,0,0,0,0,Fungi,Basidiomycota,Agaricomycetes,Polyporales,Meruliaceae,Phanerochaete,unidentified
4c2a37cf28cf08ef3b47671423396bfc,0,0,0,0,0,0,0,0,0,0,0,0,0,0,0,0,0,0,0,0,0,0,0,0,0,8,0,0,0,0,0,0,0,0,0,0,0,0,0,0,0,0,0,0,0,0,0,0,0,0,Fungi,Basidiomycota,Agaricomycetes,Polyporales,Meruliaceae,Phanerochaete,Phanerochaete_sordida
f23e4812dade933c4828126054f96539,0,0,0,0,0,0,0,0,0,0,0,0,0,0,0,0,0,0,0,0,0,0,0,0,0,9,0,0,0,9,0,0,0,0,0,0,0,0,0,0,0,0,0,0,0,0,0,0,0,0,Fungi,Basidiomycota,Agaricomycetes,Polyporales,Meruliaceae,Phanerochaete,NA
1810a988a09e839f356e7a00cc905608,0,0,0,0,0,0,0,0,0,0,0,0,0,0,0,0,0,0,0,0,0,0,0,0,0,8,0,0,0,0,0,0,0,0,0,0,0,0,0,0,0,0,0,0,0,0,0,0,0,0,Fungi,Basidiomycota,Agaricomycetes,NA,NA,NA,NA
45c14d2e5d588e80ecf3d810ed72dc7c,8,0,0,0,0,0,0,2,4,0,0,0,0,0,0,0,3,0,0,0,6,0,4,3,0,7,0,0,0,0,0,0,0,0,0,0,0,0,0,0,0,0,0,0,0,0,0,0,0,0,Fungi,Basidiomycota,Agaricomycetes,Polyporales,Meruliaceae,Ceriporia,Ceriporia_lacerata
cf229456e78d5a75c2cc8d9dc3247dd7,0,0,0,0,0,0,0,0,0,0,0,0,0,0,0,0,0,0,0,0,0,0,0,0,0,17,0,0,0,0,0,0,0,0,0,0,0,0,0,0,0,0,0,0,0,0,0,0,0,0,Fungi,Basidiomycota,Agaricomycetes,NA,NA,NA,NA
8189b311e5575f8437a6ba9919e6c450,0,0,0,0,0,0,0,0,0,0,0,0,0,0,0,0,0,0,0,0,0,0,0,0,0,9,0,0,0,0,0,0,0,0,0,0,0,0,0,0,0,0,0,0,0,0,0,0,0,0,Fungi,Basidiomycota,Agaricomycetes,Polyporales,Meruliaceae,NA,NA
85d3bdae758bd8866382793dd15e4fe1,0,0,0,0,0,0,0,0,0,0,0,0,0,0,0,0,0,0,0,0,0,0,0,0,0,8,0,0,0,0,0,0,0,0,0,0,0,0,0,0,0,0,0,0,0,0,0,0,0,0,Fungi,Basidiomycota,Agaricomycetes,Polyporales,NA,NA,NA
f401b15157d0521e7b9fab38cbeadcff,0,0,0,0,0,0,0,0,0,0,0,0,0,0,0,0,0,0,0,0,0,0,0,0,0,4,0,0,0,0,0,0,0,0,0,0,0,0,0,0,0,0,0,0,0,0,0,0,0,0,Fungi,Basidiomycota,Agaricomycetes,Polyporales,Polyporaceae,Fomitella,Fomitella_supina
a0cf0bc093366b1275400caae7efb6e6,0,0,0,0,0,0,0,0,0,0,0,0,0,0,0,0,0,0,0,0,0,0,0,0,0,3,0,0,0,0,0,0,0,0,0,0,0,0,0,0,0,0,0,0,0,0,0,0,0,0,Fungi,Basidiomycota,Agaricomycetes,Polyporales,Ganodermataceae,Ganoderma,Ganoderma_resinaceum
490cc6924ce0de62bb3e747fa0ed3846,0,0,0,0,0,0,0,0,0,0,0,0,0,0,0,0,0,0,0,0,0,0,0,0,0,8,0,0,0,0,0,0,0,0,0,0,0,0,0,0,0,0,0,0,0,0,0,0,0,0,Fungi,Basidiomycota,Agaricomycetes,Polyporales,Polyporaceae,Fomes,Fomes_fasciatus
4dcc39ffd03373fdef9d78edaa73dc54,0,0,0,0,0,0,0,0,2,0,0,0,0,0,0,0,0,0,0,0,0,0,0,0,0,0,0,0,0,0,0,0,0,0,0,0,0,0,0,0,0,0,0,0,0,0,0,0,0,0,Fungi,Basidiomycota,Agaricomycetes,Polyporales,Polyporaceae,Fomes,Fomes_fasciatus
9f067b59d21ab0966beea9d47872c2cf,0,0,0,0,0,0,0,0,0,0,0,0,0,0,0,0,0,0,0,0,0,0,0,0,0,21,0,0,0,0,0,0,0,0,0,0,0,0,0,0,0,0,0,0,0,0,0,0,0,0,Fungi,Basidiomycota,Agaricomycetes,Polyporales,Polyporaceae,Hexagonia,Hexagonia_apiaria
e9908a7af1b9a6ce056ddb1c60795eb7,0,0,0,0,0,0,0,0,0,0,0,0,0,0,0,0,0,0,0,0,0,0,0,0,0,6,0,0,0,0,0,0,0,0,0,0,0,0,0,0,0,0,0,0,0,0,0,0,0,0,Fungi,Basidiomycota,Agaricomycetes,Polyporales,Polyporaceae,Dichomitus,Dichomitus_squalens
9bf12a18c41d2ff59231815a61783bfe,0,0,0,0,0,0,0,0,7,0,0,0,0,0,0,0,0,0,0,0,0,0,0,0,0,34,0,0,2,0,0,0,0,0,0,0,0,0,0,0,0,0,0,0,0,0,0,0,0,0,Fungi,Basidiomycota,Agaricomycetes,Polyporales,Polyporaceae,Tinctoporellus,unidentified
89e780961c63256afe21096206329a84,0,0,0,0,0,0,0,0,0,0,0,0,0,0,0,0,0,0,0,0,0,0,0,0,0,7,0,0,0,0,0,0,0,0,0,0,0,0,0,0,0,0,0,0,0,0,0,0,0,0,Fungi,Basidiomycota,Agaricomycetes,Polyporales,Polyporaceae,Dichomitus,unidentified
00e7b963759450a2e2af0b8698b3a061,0,0,0,0,0,0,0,0,0,0,0,0,0,0,0,0,0,0,0,0,0,0,0,0,0,5,0,0,0,0,0,0,0,0,0,0,0,0,0,0,0,0,0,0,0,0,0,0,0,0,Fungi,Basidiomycota,Agaricomycetes,Polyporales,Fomitopsidaceae,Fomitopsis,unidentified
8c9a318be2c0c775fc5ec42acea3ca6a,0,0,0,0,0,0,0,0,0,0,0,0,0,0,0,0,0,0,0,0,0,0,0,0,0,19,0,0,0,0,0,0,0,0,0,0,0,0,0,0,0,0,0,0,0,0,0,0,0,0,Fungi,Basidiomycota,Agaricomycetes,Polyporales,Coriolaceae,Trametes,Trametes_cubensis
5090e031d33edba78e32583ef9e5142a,0,0,0,0,0,0,0,0,0,0,0,0,0,0,0,0,0,0,0,0,0,0,0,0,0,12,0,0,0,0,0,0,0,0,0,170,0,0,0,0,0,0,0,0,0,0,0,0,0,0,Fungi,Basidiomycota,Agaricomycetes,Polyporales,Coriolaceae,Trametes,Trametes_elegans
5df69cfd2c4440612d89fec505057a73,0,0,0,0,0,0,0,0,0,0,0,0,0,0,0,0,0,0,0,0,0,0,0,0,0,4,0,0,0,0,0,0,0,0,0,0,0,0,0,0,0,0,0,0,0,0,0,0,0,0,Fungi,Basidiomycota,Agaricomycetes,NA,NA,NA,NA
90193e8968255cb8706cdb1c95bb07a5,0,0,0,0,0,0,0,0,0,0,0,0,0,0,0,0,0,0,0,0,0,0,0,0,0,6,0,0,0,0,0,0,0,0,0,0,0,0,0,0,0,0,0,0,0,0,0,0,0,0,Fungi,Basidiomycota,Agaricomycetes,Hymenochaetales,Hymenochaetaceae,Phellinus,Phellinus_gilvus
911c668d32c3bbe3eff02d8db08d1298,0,0,0,0,0,0,0,0,0,0,0,0,0,0,0,0,0,0,0,0,0,0,0,0,0,11,0,0,0,0,0,0,0,0,0,0,0,0,0,0,0,0,0,0,0,0,0,0,0,0,Fungi,Basidiomycota,Agaricomycetes,Polyporales,Hyphodermataceae,Hyphoderma,Hyphoderma_mutatum
1859e6a21978356b0edf5e969378ba81,0,0,0,0,0,0,0,0,0,0,0,0,0,0,0,0,0,0,0,0,0,0,0,0,0,0,0,0,0,0,0,0,0,0,0,0,0,0,3,0,0,0,0,0,0,0,0,0,0,0,Fungi,Basidiomycota,Agaricomycetes,Hymenochaetales,Schizoporaceae,Botryodontia,Botryodontia_millavensis
1c6d8c772c1c2a82db37f93c542a97e0,0,0,0,0,0,0,0,0,0,0,0,0,0,0,0,0,0,0,0,0,0,0,0,0,0,71,0,0,0,0,0,0,0,0,0,0,0,0,0,0,0,0,0,0,0,0,0,0,0,0,Fungi,Basidiomycota,Microbotryomycetes,Microbotryales,Ustilentylomataceae,Microbotryozyma,Microbotryozyma_collariae
79bb51123da2f292dac553a41b2b6cea,26,0,0,0,0,0,0,0,0,0,0,0,0,0,0,0,0,0,0,0,0,0,0,0,0,0,8,0,0,0,0,0,0,0,0,0,0,0,0,0,0,0,0,0,0,0,0,0,0,0,Fungi,Basidiomycota,Ustilaginomycetes,Ustilaginales,Ustilaginaceae,Moesziomyces,NA
8b2b0af171e8b1f47b638edce2a3599e,0,0,0,0,0,0,0,0,0,0,0,0,0,0,0,0,0,0,0,0,0,0,0,0,0,28,0,0,0,0,0,0,0,0,0,0,0,0,0,0,0,0,0,0,0,0,0,0,0,0,Fungi,Basidiomycota,Ustilaginomycetes,Ustilaginales,Ustilaginaceae,Moesziomyces,Moesziomyces_aphidis
4d9fb6ea4e7bab444d83b23e64cfffcb,55,0,0,0,0,0,0,0,0,0,0,0,0,0,0,0,0,0,0,0,0,0,0,0,0,0,0,0,0,0,0,0,0,0,0,30,0,0,0,0,0,0,0,0,0,0,0,5,0,0,Fungi,Basidiomycota,Ustilaginomycetes,Ustilaginales,Ustilaginaceae,Moesziomyces,Moesziomyces_aphidis
bd5f9c81b17faeeeb25fc8014f98d54d,7,0,0,0,0,0,0,0,0,0,0,0,0,0,0,0,0,0,0,0,0,0,0,0,0,0,0,0,0,0,0,0,0,0,0,0,0,10,0,0,0,0,0,0,0,0,0,0,0,0,Fungi,Basidiomycota,Ustilaginomycetes,Ustilaginales,Ustilaginaceae,NA,NA
cbce20daf151e609a7b61bc6f720d25c,0,0,0,0,0,0,0,0,0,0,0,0,0,0,0,0,0,0,0,0,0,0,0,0,0,0,0,0,0,0,0,0,0,0,0,0,0,0,0,0,0,0,0,0,0,0,0,7,0,0,Fungi,Basidiomycota,Ustilaginomycetes,Ustilaginales,Ustilaginaceae,unidentified,unidentified
15386a5c8c6a78f2e32b90142537516f,0,0,0,0,0,0,0,0,0,0,0,0,0,0,0,0,0,0,0,0,0,0,0,0,0,0,0,0,0,0,0,0,0,0,0,4,0,0,0,0,0,0,0,0,0,0,0,0,0,0,Fungi,Basidiomycota,Ustilaginomycetes,Ustilaginales,Ustilaginaceae,Dirkmeia,Dirkmeia_churashimaensis
62f07546395239d10778b70bef7470ab,586,0,0,0,0,0,0,0,0,0,0,0,0,0,0,0,0,0,0,0,0,0,0,0,0,0,0,0,0,0,0,0,0,0,0,0,0,0,0,0,0,0,0,0,0,0,0,0,0,0,Fungi,Basidiomycota,Tremellomycetes,Filobasidiales,Filobasidiaceae,Filobasidium,Filobasidium_floriforme
7cf07027adda867bfc52405b7e0ec953,0,0,0,0,0,0,0,0,0,0,0,0,0,0,0,0,0,0,0,0,0,0,0,0,0,5,0,0,0,0,0,0,0,0,0,0,0,0,0,0,0,0,0,0,0,0,0,0,0,0,Fungi,Basidiomycota,Microbotryomycetes,Microbotryomycetes_ord_Incertae_sedis,Chrysozymaceae,Spencerozyma,Spencerozyma_crocea
a11d193d0bed6214872a3f22bd736815,0,0,0,0,0,0,0,0,0,0,0,0,0,0,0,0,0,0,0,0,0,0,0,0,0,5,0,0,0,0,0,0,0,0,0,0,0,0,0,0,0,0,0,0,0,0,0,0,0,0,Fungi,Basidiomycota,Agaricomycetes,NA,NA,NA,NA
07099ce095706d0cf19ca589f35c2700,0,0,0,0,0,0,0,0,0,0,0,0,0,0,0,0,0,0,0,0,0,0,0,0,0,3,0,0,0,0,0,0,0,0,0,0,0,0,0,0,0,0,0,0,0,0,0,0,0,0,Fungi,Basidiomycota,Agaricomycetes,Polyporales,Hyphodermataceae,Hyphoderma,Hyphoderma_setigerum
79458661f1dba4750e921585b82f9d84,0,0,0,0,0,0,0,0,2,0,0,0,0,0,0,0,0,0,0,0,0,0,0,0,0,13,0,0,0,0,0,0,0,0,0,0,0,0,0,0,0,0,0,0,0,0,0,0,0,0,Fungi,Basidiomycota,Agaricomycetes,NA,NA,NA,NA
bc0e4d65a09169735203c7d8b7832ac8,4,0,0,0,0,0,0,0,0,0,0,0,3,0,0,0,0,0,2,0,0,0,0,0,0,0,0,0,0,0,0,0,0,0,0,0,0,0,0,0,0,0,0,0,0,0,0,0,0,0,Fungi,unidentified,unidentified,unidentified,unidentified,unidentified,unidentified
5537c4be1990f786bc06aab53965332f,0,0,0,0,0,0,0,0,0,0,0,0,0,0,0,0,0,0,0,0,0,0,0,0,0,13,0,0,0,0,0,0,0,0,0,0,0,0,0,0,0,0,0,0,0,0,0,0,0,0,Fungi,Basidiomycota,Agaricomycetes,Auriculariales,Auriculariaceae,Auricularia,Auricularia_nigricans
3dda6e70585df9edfa1f80e4a94d7149,0,0,0,0,0,0,0,0,0,0,0,0,0,0,0,0,0,0,0,0,0,0,0,0,0,6,0,0,0,0,0,0,0,0,0,0,0,0,0,0,0,0,0,0,0,0,0,0,0,0,Fungi,Basidiomycota,Agaricomycetes,Auriculariales,Auriculariaceae,Auricularia,Auricularia_fuscosuccinea
7b684597eec44a907dc2f1229b840764,0,0,0,0,0,0,0,0,0,0,0,0,0,0,0,0,0,0,0,0,0,0,0,0,0,6,0,0,0,0,0,0,0,0,0,0,0,0,0,0,0,0,0,0,0,0,0,0,0,0,Fungi,Basidiomycota,Agaricomycetes,Russulales,Stereaceae,Xylobolus,Xylobolus_subpileatus
031075ad7c1a1c41e17007ca83efce49,61,0,0,0,0,0,0,0,0,0,0,0,0,0,0,0,0,0,0,0,0,0,0,0,0,0,0,0,0,0,0,0,0,0,0,0,0,0,0,0,0,0,0,0,0,0,0,0,0,0,Fungi,Basidiomycota,Agaricomycetes,Russulales,Stereaceae,Stereum,Stereum_hirsutum
dceb8ef58c4f866bfa7cae02e5e8f86b,2496,0,0,0,0,0,0,0,0,0,0,0,0,0,0,0,0,0,0,0,0,0,0,0,0,0,0,0,0,0,0,0,0,0,0,0,0,0,0,0,0,0,0,0,0,0,0,0,0,0,Fungi,Basidiomycota,Agaricomycetes,Russulales,Stereaceae,Stereum,Stereum_hirsutum
1f90acfaf8e9b348cd46cd49e2f4394b,0,0,0,0,0,0,0,0,0,0,0,0,0,0,0,0,0,0,0,0,0,0,0,0,0,7,0,0,0,0,0,0,0,0,0,0,0,0,0,0,0,0,0,0,0,0,0,0,0,0,Fungi,Basidiomycota,Agaricomycetes,Russulales,Stereaceae,Stereum,Stereum_ostrea
38b4066fd97e91484bdc6a4aed6d7b5a,0,0,0,0,0,0,0,0,0,0,0,0,0,0,0,0,0,0,0,0,0,0,0,0,0,9,0,0,0,0,0,0,0,0,0,0,0,0,0,0,0,0,0,0,0,0,0,0,0,0,Fungi,Basidiomycota,Agaricomycetes,Russulales,Auriscalpiaceae,Gloeodontia,Gloeodontia_eriobotryae
d49901016c08eb5b1dabd55c10aa855b,0,0,0,0,0,0,0,0,0,0,0,0,0,0,0,0,0,0,0,0,0,0,0,0,0,2,0,0,0,0,0,0,0,0,0,0,0,0,0,0,0,0,0,0,0,0,0,0,0,0,Fungi,Basidiomycota,Agaricomycetes,Russulales,Hericiaceae,Dentipellis,Dentipellis_fragilis
f3049ca73d8eae39e2cdaee261b3267d,0,0,0,0,0,0,0,0,0,0,0,0,0,0,0,0,0,0,0,0,0,0,0,0,0,2,0,0,0,0,0,0,0,0,0,0,0,0,0,0,0,0,0,0,0,0,0,0,0,0,Fungi,Basidiomycota,Agaricomycetes,Polyporales,Steccherinaceae,Steccherinum,Steccherinum_robustius
55c6f255d170cbe693750b9f0ac3284c,0,0,0,0,0,0,0,0,0,0,0,0,0,0,0,0,0,0,0,0,0,0,0,0,0,4,0,0,0,0,0,0,0,0,0,0,0,0,0,0,0,0,0,0,0,0,0,0,0,0,Fungi,Basidiomycota,Agaricomycetes,Polyporales,Steccherinaceae,NA,NA
610bce3fa7eb70fe27eb7fadfbb81846,0,0,0,0,0,0,0,0,0,0,0,0,0,0,0,0,0,0,0,0,0,0,0,0,0,5,0,0,0,0,0,0,0,0,0,0,0,0,0,0,3,0,0,0,0,0,0,0,0,0,Fungi,NA,NA,NA,NA,NA,NA
5f13a28c60688a2a07a6a1b2efdfd508,1739,0,0,0,0,0,0,0,0,0,0,0,0,0,0,0,0,0,0,0,0,0,0,0,0,0,0,0,0,0,0,0,0,0,0,0,0,0,0,0,0,0,0,0,0,0,0,3,0,0,Fungi,Ascomycota,Pezizomycetes,Pezizales,Pezizaceae,Peziza,Peziza_ostracoderma
e36de647508603e6e39b43742107aff5,0,0,12,0,0,0,0,2,0,0,0,11,0,0,0,0,0,0,0,0,0,0,0,0,0,0,0,0,0,0,0,0,1711,458,584,0,0,2,0,0,0,0,0,0,1249,0,102,0,0,0,Fungi,NA,NA,NA,NA,NA,NA
e409e334b66c74134abc69939ac6f641,0,0,286,5,0,0,0,0,0,0,0,0,0,0,0,0,0,0,0,0,0,0,0,0,0,0,0,0,0,7,0,0,0,0,0,0,0,0,0,0,0,0,0,0,0,0,0,0,0,0,Fungi,NA,NA,NA,NA,NA,NA
7237de64f35ec3944977036be0891157,0,0,0,3,0,0,0,0,0,0,0,0,0,0,0,0,0,0,0,0,0,0,0,0,0,0,0,0,0,0,0,0,0,0,0,0,0,0,0,0,0,0,0,0,0,0,0,0,0,0,Fungi,Ascomycota,Saccharomycetes,Saccharomycetales,Trichomonascaceae,Zygoascus,Zygoascus_meyerae
8beb530dad27615288133bea13067279,0,63,25,2,0,0,0,0,0,0,0,0,52,18,0,0,0,0,0,0,4,0,0,0,0,0,0,0,0,0,0,0,0,0,0,0,0,0,0,0,0,0,0,0,0,0,0,0,0,0,Fungi,Ascomycota,Saccharomycetes,Saccharomycetales,Saccharomycetales_fam_Incertae_sedis,Candida,Candida_quercitrusa
008ee03b91c37422a83c00b693a63565,0,0,0,0,0,0,0,0,0,0,0,0,0,0,0,0,0,0,0,0,0,0,0,0,0,0,0,0,0,0,0,0,0,0,0,0,0,0,274,0,0,0,0,0,0,0,0,0,0,0,Fungi,Ascomycota,Saccharomycetes,Saccharomycetales,Saccharomycetales_fam_Incertae_sedis,Candida,Candida_quercitrusa
faa629f78fc7ddc8ec168ba7cdaa36c7,0,10031,7861,607,0,0,0,0,0,0,739,220,2816,41383,319,0,0,0,0,0,0,0,0,949,88,0,0,88,5889,0,0,0,0,140,0,0,0,0,733,0,6831,0,0,0,0,0,0,0,0,87,Fungi,Ascomycota,Saccharomycetes,Saccharomycetales,Debaryomycetaceae,Meyerozyma,Meyerozyma_caribbica
e1b6dfa14ab15d95192ee8439b3989af,80,45328,20800,230550,19,32,182,92,986,109,12110,11509,13713,103882,1330,180309,44,32,55,34,1999,535,273,7795,744,76,156887,4811,54679,21,15,61,21,216,79,10744,20,22,134333,1157,32682,3000,19,849,16,21,170,612,23,146,Fungi,Ascomycota,Saccharomycetes,Saccharomycetales,Debaryomycetaceae,Meyerozyma,Meyerozyma_caribbica
812cd4eaafa87a7146ed715aa697c88e,0,250,0,0,0,0,0,0,0,0,0,0,0,0,0,0,0,0,0,0,0,0,0,0,0,0,0,0,0,0,0,0,0,0,0,0,0,0,978,0,0,0,0,0,0,0,0,0,0,0,Fungi,Ascomycota,Saccharomycetes,Saccharomycetales,Debaryomycetaceae,Meyerozyma,Meyerozyma_caribbica
920819106dbb092573bc948f54b31f2f,0,0,0,0,0,0,0,0,0,0,0,0,0,0,0,0,0,0,0,0,0,0,0,0,0,0,0,0,0,0,0,0,0,0,0,0,0,0,59,0,0,0,0,0,0,0,0,0,0,0,Fungi,Ascomycota,Saccharomycetes,Saccharomycetales,Debaryomycetaceae,Meyerozyma,Meyerozyma_caribbica
6800963fff7f18d4a25c2fd4028272ff,0,0,0,0,0,0,0,0,0,0,0,0,0,0,0,0,0,0,0,0,0,0,0,0,0,0,0,0,0,0,0,0,0,0,0,0,0,0,569,0,0,0,0,0,0,0,0,0,0,0,Fungi,Ascomycota,Saccharomycetes,Saccharomycetales,Debaryomycetaceae,Meyerozyma,Meyerozyma_caribbica
058734bf67a6c7a01941cffcce561c08,0,0,0,0,0,0,0,0,0,0,0,0,0,0,0,0,0,0,0,0,0,0,0,0,0,0,0,0,0,0,0,0,0,0,0,0,0,0,0,0,210,0,0,0,0,0,0,0,0,0,Fungi,Ascomycota,Saccharomycetes,Saccharomycetales,Debaryomycetaceae,Meyerozyma,Meyerozyma_caribbica
5b889b19094933e1efc45d5312352afb,0,0,7,0,0,0,0,0,0,0,0,0,0,0,0,0,0,0,0,0,0,0,0,0,0,0,0,0,0,0,0,0,0,0,0,0,0,0,0,0,0,0,0,0,0,0,0,0,0,0,Fungi,Ascomycota,Saccharomycetes,Saccharomycetales,unidentified,unidentified,unidentified
f7d475df46b7c9ff857430682625a5ca,0,0,0,0,0,0,0,0,0,0,0,0,0,0,0,0,0,0,0,0,0,0,0,0,0,3,0,0,0,0,0,0,0,0,0,0,0,0,0,0,0,0,0,0,0,0,0,0,0,0,Fungi,Ascomycota,Saccharomycetes,Saccharomycetales,Phaffomycetaceae,Cyberlindnera,Cyberlindnera_fabianii
369abca6ea92d1067a27ac19d0a9921e,0,0,0,0,0,0,0,0,0,0,0,0,0,0,0,0,0,0,0,0,0,0,0,0,0,0,0,0,0,0,0,0,0,0,0,0,0,0,0,0,0,43,0,0,0,0,0,0,0,0,Fungi,Basidiomycota,Malasseziomycetes,Malasseziales,Malasseziaceae,Malassezia,Malassezia_restricta
fcd71c77a6eb2e2acc5dc81f60649522,0,0,0,0,0,0,0,0,0,0,0,3,0,0,0,0,0,0,0,0,0,0,0,0,0,0,0,0,0,0,0,0,0,0,0,0,0,0,0,0,0,0,0,0,0,0,0,0,0,0,Fungi,Mucoromycota,Mucoromycetes,Mucorales,Mucoraceae,Mucor,Mucor_irregularis
1b23fe663c84ef76ccf2846e53b8efd9,0,0,0,0,0,0,0,0,0,0,0,2,0,0,0,0,0,0,0,0,0,0,0,0,0,0,0,0,0,0,0,0,0,0,0,0,0,0,0,0,0,0,0,0,0,0,0,0,0,0,Fungi,Mucoromycota,Mucoromycetes,Mucorales,Mucoraceae,Mucor,NA
f8e666c702de2b70b205a93621fb653d,0,0,0,0,0,0,0,0,0,0,0,0,0,0,0,0,0,0,0,0,0,0,0,0,0,13,0,0,0,0,0,0,0,0,0,0,0,0,0,0,0,0,0,0,0,0,0,0,0,0,Fungi,Ascomycota,Sordariomycetes,Xylariales,Xylariaceae,Biscogniauxia,Biscogniauxia_atropunctata
eca54121f1ab3980089e0048ea8d2b57,0,0,2,0,0,0,2,0,3,0,0,0,0,0,0,0,0,0,0,0,0,0,0,0,0,10,0,0,0,0,0,0,0,0,0,0,0,0,0,0,0,0,0,0,0,0,0,0,0,0,Fungi,Ascomycota,Sordariomycetes,Xylariales,Diatrypaceae,unidentified,unidentified
d61d3d33d016da37f3811aca36eb30e3,0,0,0,0,0,0,0,0,0,0,0,0,0,0,0,0,0,0,0,0,0,0,0,0,0,4,0,0,0,0,0,0,0,0,0,0,0,0,0,0,0,0,0,0,0,0,0,0,0,0,Fungi,Ascomycota,Sordariomycetes,NA,NA,NA,NA
e890cbf1f493b3eea5db02b12ed84bc8,0,0,0,0,0,0,0,0,21,0,0,0,0,0,0,0,0,0,0,0,0,0,0,0,0,17,0,0,0,8,0,0,0,0,0,0,0,0,0,0,0,0,0,0,0,0,0,0,0,0,Fungi,Ascomycota,Sordariomycetes,Hypocreales,Hypocreales_fam_Incertae_sedis,Acremonium,Acremonium_hyalinulum
55e3c0c58f4274c3ea519469737e1e00,0,0,0,0,0,0,0,0,0,0,0,0,0,0,0,0,0,0,0,0,0,0,0,0,0,0,0,0,0,0,0,0,0,0,0,0,0,200,0,0,0,0,0,0,0,0,0,0,0,447,Fungi,Ascomycota,Sordariomycetes,Hypocreales,Cordycipitaceae,Lecanicillium,Lecanicillium_saksenae
8380028c48adb4b8fabc3832be190348,0,0,0,0,0,0,0,0,0,0,0,5,0,0,0,0,0,0,0,0,0,0,0,0,0,2,0,0,0,0,0,0,0,0,0,0,0,0,0,0,0,0,0,0,0,0,0,0,0,0,Fungi,Ascomycota,Sordariomycetes,Hypocreales,Cordycipitaceae,Lecanicillium,Lecanicillium_saksenae
2b15689cd421622c41d05139ef324819,1456,0,0,0,0,0,0,0,4,0,3,25,0,0,0,0,0,0,0,0,0,0,0,0,0,27,0,0,0,0,0,0,0,0,0,0,0,0,0,0,0,0,0,0,0,0,0,0,0,0,Fungi,Ascomycota,Sordariomycetes,Hypocreales,Hypocreales_fam_Incertae_sedis,Acremonium,Acremonium_persicinum
09e44be79b84051fbe6b324a04b6e0bb,0,0,0,0,0,0,0,0,0,0,0,0,0,0,0,0,0,0,0,0,0,0,0,0,0,9,0,0,0,0,0,0,0,0,0,0,0,0,0,0,0,0,0,0,0,0,0,0,0,0,Fungi,Ascomycota,Sordariomycetes,Hypocreales,Stachybotryaceae,unidentified,unidentified
3eb815452896980d4d694ed504263db9,0,0,0,0,0,0,0,0,0,0,0,0,0,0,0,0,0,0,0,0,0,0,0,0,0,2,0,0,0,0,0,0,0,0,0,0,0,0,0,0,0,0,0,0,0,0,0,0,0,0,Fungi,Ascomycota,Sordariomycetes,Hypocreales,Hypocreaceae,Monocillium,Monocillium_indicum
d87a10092bdda5565d71fbde6523a170,0,0,0,0,0,0,0,0,2,0,0,0,0,0,0,0,0,0,0,0,0,0,0,0,0,0,0,0,0,0,0,0,0,0,0,0,0,0,0,0,0,0,0,0,0,0,0,0,0,0,Fungi,Ascomycota,Sordariomycetes,Hypocreales,Stachybotryaceae,Myrothecium,Myrothecium_verrucaria
2596c8afbef0c46d15cf65e3cf9aa557,1760,0,0,0,0,0,0,0,0,0,0,0,0,0,0,0,0,0,0,0,0,0,0,0,0,0,0,0,0,0,0,0,0,10,0,0,0,0,0,0,0,0,0,0,0,0,0,0,0,0,Fungi,Ascomycota,Sordariomycetes,Hypocreales,Stachybotryaceae,Myrothecium,Myrothecium_gramineum
01e6bce965666f09ff23d7ab48eefc73,0,0,0,0,0,0,0,0,0,0,0,0,0,0,0,0,0,0,0,0,0,0,0,0,0,10,0,0,0,0,0,0,0,0,0,0,0,0,0,0,0,0,0,0,0,0,0,0,0,0,Fungi,Ascomycota,Sordariomycetes,Hypocreales,NA,NA,NA
c4aee4643c246addc824e29bcdac02a5,0,0,0,0,0,0,0,0,0,0,0,0,0,0,0,0,0,0,0,0,0,0,0,0,0,7,0,0,0,0,0,0,0,0,0,0,0,0,0,0,0,0,0,0,0,0,0,0,0,0,Fungi,Ascomycota,Sordariomycetes,Hypocreales,NA,NA,NA
26cafa7ac4918cf5e9b305c541c9b54c,0,0,0,0,0,0,0,0,0,0,0,0,0,0,0,0,0,0,0,0,0,0,0,0,0,0,0,0,0,3,0,0,0,0,0,0,0,0,0,0,0,0,0,0,0,0,0,0,0,0,Fungi,Ascomycota,Sordariomycetes,Hypocreales,NA,NA,NA
7d966e4c9e4cbad226bc318a1810c44b,0,0,0,0,0,0,0,0,0,0,0,0,0,0,0,0,0,0,0,0,0,0,0,0,0,3,0,0,0,0,0,0,0,0,0,0,0,0,0,0,0,0,0,0,0,0,0,0,0,0,Fungi,Ascomycota,Sordariomycetes,NA,NA,NA,NA
4e52b7fc220af3fd8adef17c46263416,2535,0,0,0,0,0,0,0,0,0,0,0,0,0,0,0,0,0,0,0,0,0,0,0,0,0,0,0,0,0,0,0,0,0,0,0,0,0,0,0,0,0,0,0,0,0,0,0,0,0,Fungi,Ascomycota,Sordariomycetes,Sordariales,Chaetomiaceae,NA,NA
cd5986b9a85d176c1d4861738c8ff0db,0,0,0,0,0,0,0,0,0,0,0,2,0,0,0,0,0,0,0,0,0,0,0,0,0,0,0,0,0,0,0,0,0,0,0,0,0,0,0,0,0,0,0,0,0,0,0,0,0,0,Fungi,Ascomycota,Sordariomycetes,NA,NA,NA,NA
cf715e20d12ffd51d9376f90f0a07979,0,0,0,0,0,0,0,4,0,29,0,19,0,0,0,0,0,0,0,0,0,7,0,0,0,27,0,0,0,21,0,0,0,0,0,0,0,0,0,0,0,0,0,0,0,0,0,0,0,0,Fungi,Ascomycota,Sordariomycetes,Hypocreales,Hypocreales_fam_Incertae_sedis,Sarocladium,Sarocladium_implicatum
72e422bef9ac69df47b5db31773dd480,0,0,0,0,0,0,0,0,9,0,0,0,0,0,0,0,0,0,0,0,0,0,0,0,0,0,0,0,0,0,0,0,0,0,0,0,0,0,0,0,0,0,0,0,0,0,0,0,0,0,Fungi,Ascomycota,Sordariomycetes,Hypocreales,Hypocreales_fam_Incertae_sedis,Sarocladium,Sarocladium_bifurcatum
d5810a0b68767c0e57af7603acc932fa,0,0,0,0,0,0,0,0,0,0,0,5,0,0,0,0,0,0,0,0,0,0,0,0,0,12,0,0,0,0,0,4,0,0,0,0,0,0,0,0,0,0,0,0,0,0,0,0,0,0,Fungi,Ascomycota,Sordariomycetes,Hypocreales,Hypocreales_fam_Incertae_sedis,Sarocladium,Sarocladium_glaucum
4d2d667506dc410a0624ce289ff3124b,0,0,0,0,0,0,0,0,0,0,0,0,0,0,0,0,0,0,0,0,0,0,0,0,0,9,0,0,0,0,0,0,0,0,0,0,0,0,0,0,0,0,0,0,0,0,0,0,0,0,Fungi,Ascomycota,Sordariomycetes,Hypocreales,Hypocreales_fam_Incertae_sedis,Sarocladium,Sarocladium_kiliense
e4ab8ca3f452a3d4679453e3e7269189,0,0,0,0,0,0,0,0,113,0,0,0,0,0,0,0,0,0,0,0,0,0,0,0,0,0,0,0,0,0,0,0,0,0,0,0,0,0,0,0,0,0,0,0,0,0,0,0,0,0,Fungi,Ascomycota,Sordariomycetes,Hypocreales,Hypocreales_fam_Incertae_sedis,Sarocladium,Sarocladium_kiliense
74497df03ec18cc63c39ad2a4b457464,0,0,0,0,0,0,0,0,0,150,0,0,0,0,0,0,0,0,0,0,0,17,0,0,0,0,0,0,0,0,0,0,0,0,0,0,0,0,0,0,0,0,0,0,0,0,0,0,0,0,Fungi,Ascomycota,Sordariomycetes,Hypocreales,Hypocreales_fam_Incertae_sedis,Sarocladium,Sarocladium_kiliense
fd6e051205bc1fe27861fff57664d99e,0,355,28,362,0,0,0,8,0,0,0,32,145,0,0,6,0,0,0,0,3,0,0,0,0,20,0,0,0,0,0,0,0,0,0,0,0,0,0,0,0,0,0,0,0,0,0,0,0,0,Fungi,Ascomycota,Sordariomycetes,Hypocreales,Hypocreales_fam_Incertae_sedis,Sarocladium,Sarocladium_kiliense
0dff34adf3c8224aaf505d2573f73f97,0,0,0,0,0,0,0,0,0,0,0,0,0,0,0,0,0,0,0,0,0,0,0,0,0,3,0,0,0,0,0,0,0,0,0,0,0,0,0,0,0,0,0,0,0,0,0,0,0,0,Fungi,Ascomycota,Sordariomycetes,Hypocreales,Hypocreales_fam_Incertae_sedis,Sarocladium,Sarocladium_zeae
5177a31bb476b972e6862b612d1183ab,0,0,0,0,0,0,0,6,0,0,0,0,0,0,0,0,0,0,0,0,0,0,0,0,0,25,0,0,0,0,0,0,0,0,0,0,0,0,0,0,0,0,0,0,0,0,0,0,0,0,Fungi,Ascomycota,Sordariomycetes,Hypocreales,Hypocreales_fam_Incertae_sedis,Sarocladium,Sarocladium_zeae
9b60dc77db25e91ca1639d99ff994288,0,0,0,0,0,0,0,0,0,0,0,0,0,0,0,0,0,0,0,0,0,0,0,0,0,0,0,0,0,0,0,35,0,0,0,0,0,0,0,0,0,0,0,0,0,0,0,0,0,0,Fungi,Ascomycota,Sordariomycetes,Hypocreales,Hypocreales_fam_Incertae_sedis,Sarocladium,Sarocladium_strictum
ca08cc62fd4e9d11e7fd9d301899da92,0,0,0,0,0,0,0,0,31,0,0,16,0,0,0,0,0,0,0,0,5,0,0,0,0,256,0,0,0,0,0,0,0,0,0,0,0,0,0,0,0,0,0,0,0,0,0,0,0,0,Fungi,Ascomycota,Sordariomycetes,Hypocreales,Hypocreales_fam_Incertae_sedis,Sarocladium,Sarocladium_strictum
178fc2e63535cb61cf58c2c7b94b6142,0,0,0,0,0,0,0,0,0,0,0,0,0,0,0,0,0,0,0,0,0,0,0,0,0,0,0,0,0,0,0,0,0,0,0,0,0,0,0,0,0,0,0,45,0,0,0,0,0,0,Fungi,Ascomycota,Sordariomycetes,Hypocreales,Hypocreales_fam_Incertae_sedis,Sarocladium,Sarocladium_zeae
33b5dabb3fb0a4d8f4124e2af98b9d03,0,0,0,0,0,0,0,0,0,0,0,0,0,0,0,0,0,0,0,0,0,0,0,0,0,0,0,0,0,0,0,0,0,0,0,0,0,0,0,0,0,0,0,0,240,0,0,0,0,0,Fungi,Ascomycota,Sordariomycetes,Hypocreales,Hypocreales_fam_Incertae_sedis,Sarocladium,Sarocladium_zeae
cc359c1b499ea069ff2bf454bb9c0e16,38687,2509,20380,555,167963,5869,35991,139873,16472,428,164,234,95716,1071,17660,328,111791,4031,37969,164745,8904,6948,313,1686,183837,66414,57596,97487,70311,94149,4259,9032,20948,62611,10488,44636,216,280,14647,97107,49774,69988,127,1400,4764,166,2759,792,35,27,Fungi,Ascomycota,Sordariomycetes,Hypocreales,Hypocreales_fam_Incertae_sedis,Sarocladium,Sarocladium_zeae
8305874b1c88f0a58761a482f5285028,0,0,0,0,0,0,0,0,0,0,0,0,0,0,0,0,0,0,0,0,0,0,0,0,0,0,3,0,0,0,0,0,0,0,0,0,0,0,0,0,0,0,0,0,0,0,0,0,0,0,Fungi,Ascomycota,Sordariomycetes,Togniniales,Togniniaceae,Phaeoacremonium,Phaeoacremonium_tardicrescens
67f41461cca430c76ded8f73ce9066bb,0,0,0,0,0,0,0,0,0,0,0,0,0,0,0,0,0,0,0,0,0,0,0,0,0,99,0,0,0,0,0,0,0,0,0,0,0,0,0,0,0,0,0,0,0,0,0,0,0,0,Fungi,unidentified,unidentified,unidentified,unidentified,unidentified,unidentified
0a6a593df054728fb0d24554e3028312,0,0,0,0,0,0,0,0,0,0,0,0,0,0,0,0,0,0,0,0,0,0,0,0,0,0,0,0,0,0,0,0,0,0,0,0,0,0,0,0,0,0,0,0,0,0,0,0,0,18,Fungi,NA,NA,NA,NA,NA,NA
115f4acaa728266ab16b82d3da18b94b,0,0,0,0,0,0,0,0,0,0,0,0,0,0,0,0,0,0,0,0,0,0,0,0,0,0,0,0,0,0,0,0,0,0,0,0,0,0,2,0,0,0,0,0,0,0,0,0,0,0,Fungi,Ascomycota,Dothideomycetes,Pleosporales,Phaeosphaeriaceae,NA,NA
4f665562ccf90518ad3d5acf8b71d432,389,0,0,0,0,0,0,0,0,0,0,0,0,0,0,0,0,0,0,0,0,0,0,0,0,0,0,0,0,0,0,0,0,0,0,0,0,0,0,0,0,0,0,0,0,0,0,0,0,0,Fungi,Ascomycota,Dothideomycetes,Pleosporales,Phaeosphaeriaceae,unidentified,unidentified
1e14065493ee4b25ce774f11b75a31b5,0,0,0,0,0,0,0,0,0,0,0,0,0,0,0,0,0,0,0,0,0,0,0,0,0,2,0,0,0,4,0,0,0,0,0,0,0,0,0,0,0,0,0,0,0,0,0,0,0,0,Fungi,Ascomycota,Dothideomycetes,Pleosporales,Phaeosphaeriaceae,unidentified,unidentified
220bfc763fc9430b09a5fc5bd78f5949,0,0,0,0,0,0,0,0,0,0,0,0,0,0,0,0,0,0,0,0,0,0,0,0,0,22,0,0,0,0,0,0,0,0,0,0,0,0,0,0,0,0,0,0,0,0,0,0,0,0,Fungi,Ascomycota,Dothideomycetes,Pleosporales,Phaeosphaeriaceae,Leptospora,Leptospora_rubella
4def88672b29b3e496ae89c9d5338eab,0,0,0,0,0,0,0,0,5,0,0,0,0,0,0,0,0,0,0,0,0,19,0,0,0,0,0,0,0,0,0,0,0,0,0,0,0,0,0,0,0,0,0,0,0,0,0,0,0,0,Fungi,Ascomycota,Dothideomycetes,Pleosporales,Pleosporaceae,Bipolaris,Bipolaris_maydis
fe17d9a9cd5aa05c356433efb7f49cf7,0,0,0,0,0,0,0,0,0,0,0,0,6,0,0,0,0,0,0,0,0,0,0,0,0,122,0,0,0,0,0,0,0,0,0,0,0,0,0,0,0,0,0,0,0,0,0,0,0,0,Fungi,Ascomycota,Dothideomycetes,Pleosporales,Pleosporaceae,Exserohilum,Exserohilum_rostratum
7e0c3bc933a9cb3ef6f6fc9c6bf3a647,0,0,0,0,0,0,0,0,0,0,0,0,0,0,0,0,0,0,0,0,0,0,0,0,0,132,0,0,0,0,0,0,0,0,0,0,0,0,0,0,0,0,0,0,0,0,0,0,0,0,Fungi,Ascomycota,Dothideomycetes,Pleosporales,Pleosporaceae,Bipolaris,Bipolaris_microstegii
779bf482469c4ad58bf81561d14aa571,16499,57,0,0,3,4,4,5,127,0,0,10,10,0,0,5,2,0,0,0,213,46,7,0,0,2408,537,16,40,9,8,192,22,4,11,512,10,13,6090,27,6,11,0,95,409,9,8,6,8,125,Fungi,Ascomycota,Dothideomycetes,Pleosporales,Pleosporaceae,Curvularia,Curvularia_lunata
ca4b311a4856fe5d623cc562a9a09897,1431,0,0,0,0,0,0,0,0,0,0,0,0,0,0,0,0,0,0,0,0,0,0,0,0,75,0,0,0,0,0,0,0,0,0,0,0,0,0,0,0,0,0,0,0,0,0,0,0,124,Fungi,Ascomycota,Dothideomycetes,Pleosporales,Pleosporaceae,Curvularia,NA
c62e2df5641ddbf7ebc4c8c7ecad2aed,0,0,0,0,0,0,0,0,6,0,0,0,0,0,0,0,0,0,0,0,0,0,0,0,0,27,0,0,0,0,0,0,0,0,0,0,0,0,0,0,0,0,0,0,0,0,0,0,0,0,Fungi,Ascomycota,Dothideomycetes,Pleosporales,Pleosporaceae,Exserohilum,Exserohilum_turcicum
8c30004e8419b2e81ffcf44662ae2246,0,0,0,0,0,0,0,0,0,0,0,0,4,0,0,0,0,0,0,0,0,0,0,0,0,40,0,0,0,0,0,0,0,0,0,0,0,0,0,0,0,0,0,0,0,0,0,0,0,0,Fungi,Ascomycota,Dothideomycetes,Pleosporales,Pleosporaceae,Curvularia,NA
0c3ab11432ef38c28d460bb9b05d6f42,0,5,4,0,0,2,0,0,17,0,0,0,0,0,0,0,0,0,0,0,0,0,0,0,0,0,0,0,0,0,0,0,0,0,0,0,0,0,0,0,0,0,0,0,0,0,0,0,0,0,Fungi,Ascomycota,Dothideomycetes,Pleosporales,Pleosporaceae,Curvularia,Curvularia_verruculosa
af6fd48553fb267962eb8dda99f700f1,0,0,0,0,0,0,0,0,0,0,0,0,0,0,0,0,0,0,0,0,0,0,0,0,0,29,0,0,0,0,0,0,0,0,0,0,0,0,0,0,0,0,0,0,0,0,0,0,0,0,Fungi,Ascomycota,Dothideomycetes,Pleosporales,Pleosporaceae,Curvularia,Curvularia_caricae-papayae
d0e6fb65c73f76dc8402dec90cf15f72,18269,13,7,8,3,7,9,10,37,5,8,14,28,8,7,5,0,0,0,5,6,6,5,6,3,2860,3,5,4,10,0,0,0,0,0,340,5,0,0,0,0,5,0,0,0,0,0,3,0,0,Fungi,Ascomycota,Dothideomycetes,Pleosporales,Pleosporaceae,Alternaria,NA
cc6872b89c673efa5e24e64f24574cc3,0,0,0,0,0,0,0,0,0,0,0,0,0,0,0,0,0,0,0,0,0,0,0,0,0,10,0,0,0,0,0,0,0,0,0,0,0,0,0,0,0,0,0,0,0,0,0,0,0,0,Fungi,Ascomycota,Dothideomycetes,Pleosporales,Pleosporaceae,Alternaria,Alternaria_longissima
38c123803eaa991319cc33b54c04a51a,0,0,0,0,0,0,0,0,14,0,0,0,0,0,0,0,0,0,0,0,0,0,0,0,0,133,0,0,0,0,0,0,0,0,0,0,0,0,0,0,0,0,0,0,0,0,0,0,0,0,Fungi,Ascomycota,Dothideomycetes,Pleosporales,Pleosporaceae,Alternaria,Alternaria_longissima
4a9429c12d8d75867828b6942f383be0,0,0,0,0,0,0,0,0,0,0,0,0,0,0,0,0,0,0,0,0,0,0,0,0,0,23,0,0,0,0,0,0,0,0,0,0,0,0,0,0,0,0,0,0,0,0,0,0,0,0,Fungi,Ascomycota,Dothideomycetes,Pleosporales,NA,NA,NA
4147d306d24d54de69b0fa4186769717,0,0,0,0,0,0,0,0,0,0,0,0,0,0,0,0,0,0,0,0,0,0,0,0,0,5,0,0,0,0,0,0,0,0,0,0,0,0,0,0,0,0,0,0,0,0,0,0,0,0,Fungi,Ascomycota,Dothideomycetes,Pleosporales,NA,NA,NA
4ff9932623550075b3758f678b5daf3b,0,0,0,0,0,0,0,0,0,0,0,0,0,0,0,0,0,0,0,0,0,0,0,0,0,0,0,2,0,0,0,0,0,0,0,0,0,0,0,0,0,0,0,0,0,0,0,0,0,0,Fungi,NA,NA,NA,NA,NA,NA
05bf9cff2d848c6179cf061f4a18eefe,0,0,0,0,0,0,0,0,0,0,0,5,0,0,0,0,0,0,0,0,0,0,0,0,0,47,0,0,0,0,0,0,0,0,0,0,0,0,0,0,0,0,0,0,0,0,0,0,0,0,Fungi,NA,NA,NA,NA,NA,NA
79d566c2d954d97ecee853ebf1ea6ca9,0,0,0,0,0,0,0,0,2,0,0,0,0,0,0,0,0,0,0,0,0,0,0,0,0,0,0,0,0,0,0,0,0,0,0,0,0,0,0,0,0,0,0,0,0,0,0,0,0,0,Fungi,NA,NA,NA,NA,NA,NA
3c642a2c17de1b46a81b35b0a7d80759,0,0,0,0,0,0,0,0,0,0,0,0,0,0,0,0,0,0,0,0,0,0,0,0,0,39,0,0,0,0,0,0,0,0,0,0,0,0,0,0,0,0,0,0,0,0,0,0,0,0,Fungi,Ascomycota,NA,NA,NA,NA,NA
7500ea019b5c161801d8cb53d852c2b6,0,0,0,0,0,0,0,0,0,0,17,0,0,0,0,0,0,0,0,0,0,0,0,4,0,0,0,0,0,0,0,0,0,0,0,0,0,0,0,0,0,0,0,0,0,0,0,0,0,0,Fungi,Ascomycota,Sordariomycetes,Hypocreales,Hypocreaceae,Trichoderma,NA
0921002c67fc437442b519a8cc5f9317,0,0,0,0,0,0,0,79,53,0,23523,7390,866,0,6,0,0,5,0,0,4,5,4944,12002,1193,0,0,0,0,2,0,0,0,2,0,0,0,0,0,7,665,2072,0,0,0,0,0,0,0,0,Fungi,Ascomycota,Sordariomycetes,Hypocreales,Hypocreaceae,Trichoderma,NA
c24ade4b8a000e0a0a494551bb17531a,0,0,0,0,0,0,0,0,0,0,94,27,0,0,0,0,0,0,0,0,0,0,33,82,0,0,0,0,0,0,0,0,0,0,0,0,0,0,0,0,0,0,0,0,0,0,0,0,0,0,Fungi,Ascomycota,Sordariomycetes,Hypocreales,Hypocreaceae,Trichoderma,NA
b062ab7f9a829e90987ad32fc365341f,0,0,0,0,0,0,0,0,0,0,29,24,0,0,0,0,0,0,0,0,0,0,5,26,0,0,0,0,0,0,0,0,0,0,0,0,0,0,0,0,0,0,0,0,0,0,0,0,0,0,Fungi,Ascomycota,Sordariomycetes,Hypocreales,Hypocreaceae,Trichoderma,NA
5422efcf2dba36fcef4c6e9c9b36819b,0,0,0,0,0,0,0,0,0,0,58,11,6,0,0,0,0,0,0,0,0,0,0,0,0,0,0,0,0,0,0,0,0,0,0,0,0,0,0,0,0,0,0,0,0,0,0,0,0,0,Fungi,Ascomycota,Sordariomycetes,Hypocreales,Hypocreaceae,Trichoderma,NA
94a0a9f1815a82f85bc51de875daae56,0,0,0,0,0,0,0,0,0,0,0,0,0,0,0,0,0,0,0,0,0,0,0,0,0,4,0,0,0,0,0,0,0,0,0,0,0,0,0,0,0,0,0,0,0,0,0,0,0,0,Fungi,Ascomycota,Dothideomycetes,Capnodiales,Dissoconiaceae,Dissoconium,Dissoconium_eucalypti
78d0aa913584fadd831181d91157d7a7,52,0,0,0,0,0,0,0,0,0,0,0,0,0,0,0,0,0,0,0,0,0,0,0,0,0,0,0,0,0,0,0,0,0,0,0,0,0,0,0,0,0,0,0,0,0,0,0,0,0,Fungi,Ascomycota,Dothideomycetes,Capnodiales,Dissoconiaceae,Ramichloridium,NA
7a25294a216b32c954a97e42e2ad0d4a,2219,0,0,0,0,0,0,24,2,0,0,0,28,0,0,0,0,0,0,0,0,0,0,0,0,991,0,0,0,0,0,0,0,0,0,0,0,0,0,0,0,0,0,0,0,0,0,0,0,0,Fungi,Ascomycota,Dothideomycetes,Capnodiales,Dissoconiaceae,Ramichloridium,Ramichloridium_apiculatum
2119b102a51bea10cfa81eff69e53071,0,0,0,0,0,0,0,0,0,0,0,0,0,0,0,0,0,0,0,0,0,0,0,0,0,0,0,0,0,0,0,0,0,21,0,0,0,0,0,0,0,0,0,0,0,0,0,0,0,0,Fungi,Ascomycota,Dothideomycetes,Capnodiales,Cladosporiaceae,Cladosporium,Cladosporium_sphaerospermum
9f83cabb1c12a3343b38bea681995004,0,0,0,0,0,0,0,0,0,0,0,0,0,0,0,0,0,0,0,0,0,0,0,0,0,0,0,0,2,0,0,0,0,0,0,153,0,0,0,0,0,0,0,0,0,0,0,0,0,0,Fungi,Ascomycota,Dothideomycetes,Capnodiales,Cladosporiaceae,Cladosporium,Cladosporium_sphaerospermum
59623756be3c2708e06c5452174d4059,0,0,0,0,0,0,0,0,0,0,0,0,0,0,0,0,0,0,0,0,0,0,0,0,0,6,0,0,0,0,0,0,0,0,0,0,0,0,0,0,0,0,0,0,0,0,0,0,0,0,Fungi,Ascomycota,Dothideomycetes,Capnodiales,Mycosphaerellaceae,Mycosphaerella,Mycosphaerella_pseudocryptica
7d082611d4c41305e8a1cafc307f59b9,0,0,0,0,0,0,0,0,0,0,0,0,0,0,0,0,0,0,0,0,0,0,0,0,0,3,0,0,0,0,0,0,0,0,0,0,0,0,0,0,0,0,0,0,0,0,0,0,0,0,Fungi,Ascomycota,Dothideomycetes,Capnodiales,Mycosphaerellaceae,Ramularia,NA
32503304f611ee33b7347bc11dad6e40,95,0,0,0,0,0,0,0,0,0,0,0,0,0,0,0,0,0,0,0,0,0,0,0,0,0,0,0,0,0,0,0,0,0,0,0,0,0,0,0,0,0,0,0,0,0,0,0,0,0,Fungi,NA,NA,NA,NA,NA,NA
46bbb98af79c5f4f6a3eb0efcc4d01bf,54,0,0,0,0,0,0,0,0,0,0,0,0,0,0,0,0,0,0,0,0,0,0,0,0,0,0,0,0,0,0,0,0,0,0,0,0,0,0,0,0,0,0,0,0,0,0,0,0,0,Fungi,NA,NA,NA,NA,NA,NA
50de3ab241bb3418114d4a76f0cdce1a,0,0,0,0,0,0,0,8,0,0,0,0,0,0,0,0,0,0,0,0,0,0,0,0,6,0,0,0,0,0,0,0,0,0,0,0,3,0,1016,0,131,1611,0,272,78,0,135,1084,0,17,Fungi,NA,NA,NA,NA,NA,NA
66546a2c46edee585537b5e7652744c6,0,0,0,0,0,0,0,0,0,0,0,0,0,0,0,0,0,0,0,0,0,0,0,0,0,0,0,0,0,0,0,0,0,0,0,0,0,0,0,0,0,10,0,0,0,0,0,0,0,0,Fungi,NA,NA,NA,NA,NA,NA
8320945af42867304284abdf1c7b5e93,651,0,0,6,0,0,0,0,18,0,5,0,0,0,0,0,0,0,0,0,6,37,11,7,0,0,0,0,0,0,0,0,0,0,0,0,0,0,0,0,0,0,0,0,0,0,0,0,0,0,Fungi,NA,NA,NA,NA,NA,NA
01ad2ec6cc8cf516247127a55fbfc629,0,0,0,0,0,0,0,0,0,0,0,0,0,0,0,0,0,0,0,0,0,0,0,0,0,0,0,0,0,0,0,0,0,0,0,0,0,0,0,0,0,0,0,0,0,0,0,55,0,0,Fungi,NA,NA,NA,NA,NA,NA
9174dcc3be53c75783ddf3e05751717e,0,0,0,0,0,0,0,0,0,0,0,0,0,0,0,0,0,0,0,0,0,0,0,0,0,0,0,0,0,0,0,0,0,0,0,0,0,0,0,0,0,34,0,0,0,0,0,0,0,0,Fungi,NA,NA,NA,NA,NA,NA
8fef7ee1e15d6aaaade32457ce737ce8,0,0,0,0,0,0,0,0,0,0,0,0,0,0,0,0,0,0,0,0,0,0,0,0,0,8,0,4,0,0,0,0,0,20,0,0,0,6,424,46,85,949,0,257,72,8,106,1299,6,0,Fungi,NA,NA,NA,NA,NA,NA
0a3df47f5de2fb553595764e7896439c,0,0,0,0,0,0,0,0,0,0,0,0,0,0,0,0,0,0,0,0,0,0,0,0,0,0,0,0,0,0,0,0,0,0,0,0,0,0,0,0,0,95,0,0,0,0,0,0,0,0,Fungi,NA,NA,NA,NA,NA,NA
ed31ef96482157073d5640d7d8e800a8,0,0,0,0,0,0,0,0,0,0,0,0,0,0,0,0,0,0,0,0,0,0,0,0,0,67,0,0,0,0,0,0,0,0,0,0,0,0,0,0,0,0,0,0,0,0,0,0,0,0,Fungi,Ascomycota,Dothideomycetes,Pleosporales,Didymosphaeriaceae,Pseudopithomyces,unidentified
9b68f69aac938f499553e5cf4036dc3f,0,0,0,0,0,0,0,0,0,0,0,0,0,0,0,0,0,0,0,0,0,0,0,0,0,55,0,0,0,0,0,0,0,0,0,0,0,0,0,0,0,0,0,0,0,0,0,0,0,0,Fungi,Ascomycota,Dothideomycetes,Pleosporales,Didymosphaeriaceae,Pseudopithomyces,unidentified
1830b1bd5be1df07eda3bdcc03a6961b,3263,0,0,0,0,0,0,0,6,0,0,0,0,0,0,0,0,0,0,0,0,0,0,0,0,86,0,0,0,0,0,0,0,0,0,0,0,0,0,0,0,0,0,0,0,0,0,0,0,0,Fungi,Ascomycota,NA,NA,NA,NA,NA
2a1ed180de936479731865310f300e63,360,0,0,0,0,0,0,0,0,0,0,0,0,0,0,0,0,0,0,0,0,0,0,0,0,0,0,0,0,0,0,0,0,0,0,0,0,0,0,0,0,0,0,0,0,0,0,0,0,0,Fungi,Ascomycota,NA,NA,NA,NA,NA
bb691d0b0b859cbf813d01e9f92b4eb7,0,0,0,0,0,0,0,0,0,0,0,0,0,0,0,0,0,0,0,0,0,0,0,0,0,4,0,0,0,0,0,0,0,0,0,0,0,0,0,0,0,0,0,0,0,0,0,0,0,0,Fungi,Ascomycota,Dothideomycetes,Pleosporales,Didymosphaeriaceae,Paraconiothyrium,Paraconiothyrium_fungicola
69f9183a8c40888ef7b23656e7cbb481,0,0,0,0,0,0,0,0,18,0,0,0,0,0,0,0,0,0,0,0,2,0,0,0,0,0,0,0,0,0,0,0,0,0,0,0,0,0,0,0,0,0,0,0,0,0,0,0,0,0,Fungi,Ascomycota,Dothideomycetes,Pleosporales,Didymosphaeriaceae,Paraconiothyrium,Paraconiothyrium_cyclothyrioides
febda4dd8362bf302d11398e5a51fda5,0,0,0,0,0,0,0,0,0,0,0,0,0,0,0,0,0,0,0,0,0,0,0,0,0,8,0,0,0,0,0,0,0,0,0,0,0,0,0,0,0,0,0,0,0,0,0,0,0,0,Fungi,Ascomycota,Dothideomycetes,Pleosporales,Montagnulaceae,unidentified,unidentified
53582ea883e4c0a0d8ebc6ef219fc10b,0,0,0,0,0,0,0,0,0,0,0,0,0,0,0,0,0,0,0,0,0,0,0,0,0,4,0,0,0,0,0,0,0,0,0,0,0,0,0,0,0,0,0,0,0,0,0,0,0,0,Fungi,NA,NA,NA,NA,NA,NA
92c2a0025d7cf6d4b67201c064a3c031,0,0,0,0,0,0,0,0,0,0,0,0,0,0,0,0,0,0,0,0,0,0,0,0,0,0,0,0,0,0,0,0,16,0,0,0,0,0,0,0,0,0,0,0,0,0,0,0,0,0,Fungi,Ascomycota,Eurotiomycetes,Chaetothyriales,unidentified,unidentified,unidentified
83339f65d102ac4a691981d61bd40b28,0,0,0,0,0,0,0,0,0,0,0,0,0,0,0,0,0,0,0,0,0,0,0,0,0,7,0,0,0,0,0,0,0,0,0,0,0,0,0,0,0,0,0,0,0,0,0,0,0,0,Fungi,Ascomycota,Eurotiomycetes,Chaetothyriales,Herpotrichiellaceae,Veronaea,Veronaea_japonica
80f8da94f99c477b9b0de842a2ace794,0,0,0,0,0,0,0,0,0,0,0,0,0,0,0,0,0,0,0,0,0,0,0,0,0,3,0,0,0,0,0,0,0,0,0,0,0,0,0,0,0,0,0,0,0,0,0,0,0,0,Fungi,NA,NA,NA,NA,NA,NA
a3111d47d6acc1b9e4bf0d0e04e0e2b9,0,0,0,0,0,0,0,0,0,0,0,3,0,0,0,0,0,0,0,0,0,0,0,0,0,41,0,0,0,0,0,0,0,0,0,0,0,0,0,0,0,0,0,0,0,0,0,0,0,0,Fungi,Ascomycota,Dothideomycetes,Dothideales,Aureobasidiaceae,NA,NA
f42382d60482820198a3c04d92a15598,0,0,0,0,0,0,0,0,0,0,0,0,0,0,0,0,0,0,0,0,0,0,0,0,0,23,0,0,0,0,0,0,0,0,0,0,0,0,0,0,0,0,0,0,0,0,0,0,0,0,Fungi,Ascomycota,Dothideomycetes,Dothideales,Dothideales_fam_Incertae_sedis,Selenophoma,Selenophoma_mahoniae
a3de432670a94b734d690d5732ced574,0,0,0,0,0,0,0,0,40,0,0,0,0,0,0,0,0,0,0,0,0,0,0,0,0,40,0,0,0,0,0,0,0,0,0,0,0,0,0,0,0,0,0,0,0,0,0,0,0,0,Fungi,Ascomycota,Sordariomycetes,Magnaporthales,Magnaporthaceae,Pyricularia,unidentified
b6ddbc3d3d85346a8078398c4dd63928,0,0,0,0,0,0,0,0,3,0,0,0,0,0,0,0,0,0,0,0,0,0,0,0,0,0,0,0,0,0,0,0,0,0,0,0,0,0,0,0,0,0,0,0,0,0,0,0,0,0,Fungi,Ascomycota,Eurotiomycetes,Chaetothyriales,Chaetothyriales_fam_Incertae_sedis,Strelitziana,Strelitziana_africana
5a736940c4831c7f0352778b59b5e6b4,0,0,0,0,0,0,0,0,0,0,0,3,0,0,0,0,0,0,0,0,0,0,0,0,0,0,0,0,0,0,0,0,0,0,0,0,0,0,0,0,0,0,0,0,0,0,0,0,0,0,Fungi,Ascomycota,Eurotiomycetes,Chaetothyriales,Herpotrichiellaceae,Rhinocladiella,Rhinocladiella_similis
84f65653e4784f9462160e817f6c9a41,0,0,0,0,0,0,0,0,0,0,0,0,0,0,0,0,0,0,0,0,0,0,0,0,0,8,0,0,0,0,0,0,0,0,0,0,0,0,0,0,0,0,0,0,0,0,0,0,0,0,Fungi,Ascomycota,Eurotiomycetes,Chaetothyriales,Cyphellophoraceae,Cyphellophora,Cyphellophora_suttonii
394265cb7264a3ab72ec2e7ea30f6cdb,0,0,0,0,0,0,0,0,0,0,0,0,0,0,0,0,0,0,0,0,0,0,0,0,0,26,0,0,0,0,0,0,0,0,0,0,0,0,0,0,0,0,0,0,0,0,0,0,0,0,Fungi,Ascomycota,Eurotiomycetes,Chaetothyriales,Cyphellophoraceae,Cyphellophora,Cyphellophora_suttonii
aa3dd2591d7a23a2b572888f1cb7cb93,0,0,0,0,0,0,0,0,8,0,0,0,0,0,0,0,0,0,0,0,0,0,0,0,0,0,0,0,0,0,0,0,0,0,0,0,0,0,0,0,0,0,0,0,0,0,0,0,0,0,Fungi,Ascomycota,Eurotiomycetes,Chaetothyriales,Cyphellophoraceae,Cyphellophora,Cyphellophora_suttonii
59da00385fc946a6c16500672eaad903,0,0,0,0,0,0,0,0,10,0,0,7,0,0,0,0,0,0,0,0,0,0,0,0,0,9,0,0,0,0,0,0,0,0,0,0,0,0,0,0,0,0,0,0,0,0,0,0,0,0,Fungi,Ascomycota,Eurotiomycetes,Chaetothyriales,Cyphellophoraceae,Cyphellophora,Cyphellophora_oxyspora
ff3cb483dde7771dfe03c2b34c567350,0,0,0,0,0,0,0,0,0,0,0,0,0,0,0,0,0,0,0,0,0,0,0,0,0,5,0,0,0,0,0,0,0,0,0,0,0,0,0,0,0,0,0,0,0,0,0,0,0,0,Fungi,Ascomycota,Dothideomycetes,Myriangiales,Elsinoaceae,NA,NA
2f21633ca24cef520f8386952d8917d4,0,0,0,0,0,0,0,0,0,0,0,0,0,0,0,0,0,0,0,0,0,0,0,0,0,4,0,0,0,0,0,0,0,0,0,0,0,0,0,0,0,0,0,0,0,0,0,0,0,0,Fungi,Ascomycota,Eurotiomycetes,Eurotiales,Aspergillaceae,Aspergillus,NA
d6b418212f7d54dc39cd4b5fa4faad34,0,0,0,0,0,0,0,0,0,0,0,0,0,0,0,0,0,0,0,0,0,0,0,0,0,0,0,0,0,0,0,0,0,0,0,0,0,0,0,0,0,52,0,0,0,0,0,0,0,0,Fungi,Ascomycota,Eurotiomycetes,Eurotiales,Aspergillaceae,Aspergillus,Aspergillus_conicus
9c87648fa0e6ae4ef523260279fe817a,0,0,0,0,0,0,0,0,0,0,0,0,0,0,0,0,0,0,0,0,0,0,0,0,0,0,0,0,0,0,0,0,0,5,0,0,0,0,0,0,0,0,0,0,0,0,0,0,0,0,Fungi,Ascomycota,Eurotiomycetes,Eurotiales,Aspergillaceae,Penicillium,Penicillium_bilaiae
4624dd9cb6d36815155fba1b6ef9c811,7,0,16,22510,0,4,6,6,8,0,3,12,18,186,61,16716,10,0,9,0,3,26,12,0,4,0,0,0,3,0,0,8,0,0,0,0,0,0,0,0,0,0,3,0,0,0,46,0,0,0,Fungi,Ascomycota,Eurotiomycetes,Eurotiales,Aspergillaceae,Penicillium,Penicillium_ochrosalmoneum
eb29fe23ba165abb394c7a3ce9744df8,0,0,0,6,0,0,0,0,0,0,0,0,0,0,0,0,0,0,0,0,0,0,0,0,0,0,0,0,0,0,0,0,0,0,0,0,0,0,0,0,0,0,0,0,0,0,0,0,0,0,Fungi,Ascomycota,Eurotiomycetes,Eurotiales,Aspergillaceae,Penicillium,Penicillium_ochrosalmoneum
3669052965b14d7cb6ee746917143013,0,0,0,0,0,0,0,0,0,0,15,0,0,0,0,0,0,0,0,0,0,0,0,9,0,0,0,0,0,0,0,0,0,0,0,0,0,0,0,0,0,0,0,0,0,0,0,0,0,0,Fungi,Ascomycota,Eurotiomycetes,Eurotiales,Aspergillaceae,Penicillium,Penicillium_limosum
4183bc7e336c7d15b31ba999eba19953,0,0,0,0,0,0,3,0,0,0,0,2,0,0,0,0,0,0,0,0,0,0,0,2,0,0,0,0,0,0,0,0,0,0,0,0,0,24,0,0,0,0,0,0,0,0,0,0,0,0,Fungi,Ascomycota,Eurotiomycetes,Eurotiales,Aspergillaceae,Penicillium,Penicillium_sumatraense
b3e75310c6eab5c05797dce8cc4e1b62,0,0,0,0,0,0,0,0,0,0,0,0,0,0,0,0,0,0,0,0,0,0,0,0,0,0,0,0,0,0,0,11,0,0,0,0,0,0,0,0,0,0,0,0,0,0,0,0,0,0,Fungi,Ascomycota,Eurotiomycetes,Eurotiales,Aspergillaceae,Penicillium,Penicillium_sumatraense
add299d91f4f7324b328f99d169b38a7,0,0,0,0,0,0,0,0,0,0,0,0,0,0,0,0,0,0,0,0,0,0,0,0,0,0,0,0,0,0,0,0,0,13,0,6,0,0,0,3,0,0,0,0,0,0,0,0,0,0,Fungi,Ascomycota,Eurotiomycetes,Eurotiales,Aspergillaceae,Penicillium,NA
8646596303637504b84d6161e3a7a3b3,0,0,0,0,0,0,0,0,0,0,25,0,0,0,0,0,0,0,0,0,0,0,0,0,0,0,0,0,0,0,0,0,0,0,0,0,0,0,0,0,0,0,0,0,0,0,0,0,0,0,Fungi,Ascomycota,Eurotiomycetes,Eurotiales,Aspergillaceae,Penicillium,Penicillium_simplicissimum
6ed0aaa4a1a578a718532091d7dbfabf,0,0,0,0,0,0,0,0,0,0,0,0,0,0,0,0,0,0,0,0,0,0,0,0,0,0,0,0,0,0,0,0,0,0,0,0,0,0,122,0,0,0,0,0,0,0,0,0,0,0,Fungi,Ascomycota,Eurotiomycetes,Eurotiales,Aspergillaceae,Penicillium,Penicillium_oxalicum
a5216a9e7fbce44c8798b9675f442dda,215,0,0,0,0,0,0,0,0,0,0,0,0,0,0,0,0,0,0,0,0,0,0,0,0,0,0,0,0,0,0,0,0,0,0,0,0,0,0,0,0,0,0,0,0,0,0,0,0,0,Fungi,Ascomycota,Eurotiomycetes,Eurotiales,Aspergillaceae,Penicillium,Penicillium_oxalicum
5845c21505005b97a2473deaa8d873da,7158,740,873,1088,0,5,47,177,484,7,384,491,2181,34,17,242,0,0,0,8,19,3,16,11,20,1118,35,5,5,8,29,15,11,35,3,0,0,11,315,0,214,0,3,121,0,5,0,0,0,0,Fungi,Ascomycota,Eurotiomycetes,Eurotiales,Aspergillaceae,Penicillium,Penicillium_oxalicum
1ddc8bdca1ce56b9203522f82be34e25,7,3,3,0,0,4,0,0,29,0,0,3,0,0,0,0,0,0,0,5,3,0,0,0,0,0,0,0,0,0,0,0,0,0,0,0,0,0,0,5,0,0,0,0,0,0,0,0,0,2,Fungi,Ascomycota,Eurotiomycetes,Eurotiales,Aspergillaceae,Penicillium,Penicillium_brevicompactum
e096710d06d1283ff99144272fdbdf59,0,0,0,0,0,0,0,0,0,0,0,0,0,0,0,0,0,0,0,0,0,0,0,0,0,10,0,0,0,0,0,0,0,0,0,0,0,0,0,0,0,0,0,0,0,0,0,0,0,0,Fungi,Ascomycota,Eurotiomycetes,Eurotiales,Aspergillaceae,Penicillium,NA
9b2ee764c0b610c7c6a9f60477734201,0,0,0,0,0,0,0,2,0,0,32,8,3,0,0,0,0,0,0,0,0,0,0,0,0,0,0,0,0,0,0,0,0,0,0,0,0,0,0,0,0,0,0,0,0,0,0,0,0,0,Fungi,Ascomycota,Eurotiomycetes,Eurotiales,Aspergillaceae,Penicillium,NA
a1bbad1ec52654a0e3243fae22dcdcd5,0,0,0,0,0,0,0,0,0,0,0,0,0,0,0,0,0,0,0,0,0,0,0,0,0,9,0,0,0,0,0,0,0,0,0,0,0,0,0,0,0,0,0,0,0,0,0,0,0,0,Fungi,Ascomycota,Eurotiomycetes,Eurotiales,Aspergillaceae,Penicillium,Penicillium_multicolor
04699b320c78f0cf7b9ef8fc07839ff5,0,0,0,0,0,0,0,0,0,0,11,23,0,0,0,0,0,0,0,0,0,0,0,0,0,0,0,0,0,0,0,0,0,0,0,0,0,0,0,0,0,0,0,0,0,0,0,0,0,0,Fungi,Ascomycota,Eurotiomycetes,Eurotiales,Trichocomaceae,Talaromyces,Talaromyces_trachyspermus
bca18c39b62872b08eff3a3ef5f62f86,0,0,145,0,0,0,0,0,0,0,0,0,0,0,7,0,0,0,0,0,0,0,0,0,0,0,0,0,0,0,0,0,0,0,0,0,0,0,0,0,0,0,0,0,0,0,0,0,0,0,Fungi,Ascomycota,Eurotiomycetes,Eurotiales,Trichocomaceae,Talaromyces,Talaromyces_atroroseus
3176d5f9a23f00342e241831cdc9650a,0,0,0,0,0,0,0,0,0,0,0,32,0,0,0,0,0,0,0,0,0,0,0,0,0,0,0,0,0,0,0,0,0,0,0,0,0,0,0,0,0,0,0,0,0,0,0,0,0,0,Fungi,Ascomycota,Eurotiomycetes,Eurotiales,Trichocomaceae,Talaromyces,Talaromyces_aculeatus
858f427c945a7345a9624806ebdbd2b8,0,0,0,0,0,0,0,0,0,0,187,0,0,0,0,0,0,0,0,0,0,0,0,0,0,0,0,0,0,0,0,0,0,0,0,0,0,0,0,0,0,0,0,0,0,0,0,0,0,0,Fungi,Ascomycota,Eurotiomycetes,Eurotiales,Trichocomaceae,Talaromyces,NA
06837aa6b5a0b6fd6b618e8a0e708067,0,0,0,0,0,0,0,0,0,0,1579,123,0,0,0,0,0,0,0,0,0,0,0,0,0,0,0,0,0,0,0,0,0,0,0,0,0,0,0,0,0,0,0,0,0,0,0,0,0,0,Fungi,Ascomycota,Eurotiomycetes,Eurotiales,Trichocomaceae,Talaromyces,Talaromyces_purpureogenus
f86cdfd0c874d28cdcfe7c25076d9678,0,0,0,0,0,0,0,0,0,0,22792,4192,0,0,0,0,0,0,0,0,0,0,28,0,0,0,0,0,0,0,0,0,0,0,0,0,0,0,0,0,0,0,0,0,0,0,0,0,0,0,Fungi,Ascomycota,Eurotiomycetes,Eurotiales,Trichocomaceae,Talaromyces,Talaromyces_purpureogenus
1e0a344d49cf2637938483b280a933bb,0,0,0,3,0,0,0,93,61,0,0,0,1089,0,0,0,0,0,0,0,5,0,0,1266,44,8,0,0,0,0,0,0,0,0,0,0,0,12,0,0,0,0,0,0,0,0,0,0,0,0,Fungi,Ascomycota,Eurotiomycetes,Eurotiales,Trichocomaceae,Talaromyces,Talaromyces_purpureogenus
f468b39956530a9f53eb75609d6021ac,0,0,0,0,0,0,0,0,0,0,16,37,0,0,0,0,0,0,0,0,0,0,0,0,0,0,0,0,0,0,0,0,0,0,0,0,0,0,0,0,0,0,0,0,0,0,0,0,0,0,Fungi,Ascomycota,Eurotiomycetes,Eurotiales,Trichocomaceae,Talaromyces,Talaromyces_amestolkiae
b832ed381b71cabe6a1df1cacda67cb1,0,0,0,0,0,0,0,0,0,0,1192,932,81,0,0,0,0,0,0,0,0,0,29,97,0,0,0,0,0,0,0,0,0,0,0,0,0,0,0,0,0,0,0,0,0,0,0,0,0,0,Fungi,Ascomycota,Eurotiomycetes,Eurotiales,Trichocomaceae,Talaromyces,NA
72baecca7bfde7585dc365927414c490,57,133,9423,983,22,22,43,92,494,0,92042,25295,3133,54,172,141,20,20,26,11,32,14,28299,5242,253,0,37,143,188,9,0,10,0,0,0,0,0,30,0,36,0,0,9,0,0,0,0,0,0,0,Fungi,Ascomycota,Eurotiomycetes,Eurotiales,Trichocomaceae,Talaromyces,NA
0a8f3076724acdaf9dea9db8e6fb6c27,0,0,461,54,0,0,0,43,37,0,8233,3465,488,0,18,0,0,0,0,0,0,0,117,535,0,0,0,0,0,0,0,0,0,0,0,0,0,0,0,63,0,0,0,0,0,0,0,0,0,0,Fungi,Ascomycota,Eurotiomycetes,Eurotiales,Trichocomaceae,Talaromyces,NA
b84cd3494d9e72d9f465a68d8db0bfdf,0,0,0,0,0,0,0,0,0,92,6079,8926,0,0,0,0,0,0,0,0,0,0,420,149,0,0,0,0,0,0,0,0,0,0,0,0,0,0,0,0,0,0,0,0,0,0,0,0,0,0,Fungi,Ascomycota,Eurotiomycetes,Eurotiales,Trichocomaceae,Talaromyces,Talaromyces_aculeatus
260a33e1d30ecade9ce94ca0e5af1d22,0,64,0,0,0,0,0,0,0,0,0,0,5638,0,0,0,0,0,0,0,0,0,0,254,55,0,0,4264,2813,0,0,0,0,0,0,1599,0,0,0,189,443,0,0,0,0,0,0,0,0,0,Fungi,Ascomycota,Eurotiomycetes,Eurotiales,Trichocomaceae,Talaromyces,NA
61bbd35c3c5c9d1948876b057c96c150,0,0,0,0,0,0,0,0,0,0,0,0,0,0,0,0,0,0,23,0,0,0,0,0,0,0,0,0,0,0,0,0,0,0,0,0,0,0,0,0,0,0,0,0,0,0,0,0,0,0,Fungi,Ascomycota,Eurotiomycetes,Eurotiales,Trichocomaceae,Talaromyces,NA
e285d852a93beaaaad50fd58b176749e,0,0,0,0,0,0,0,0,0,0,0,0,0,0,0,0,0,0,0,0,0,0,0,0,0,0,14,0,0,0,0,0,0,0,0,0,0,0,0,0,0,0,0,0,0,0,0,0,0,0,Fungi,Ascomycota,Eurotiomycetes,Eurotiales,Trichocomaceae,Talaromyces,NA
abacf7eeda4245f3d472b2dc25556e18,0,0,0,0,0,0,0,0,0,0,0,0,101,0,0,0,0,0,0,0,0,0,0,0,0,0,0,0,0,0,0,0,0,0,0,0,0,0,0,0,0,0,0,0,0,0,0,0,0,0,Fungi,Ascomycota,Eurotiomycetes,Eurotiales,Trichocomaceae,Talaromyces,NA
bbe6f4d867fd739f15521415145d2c76,0,0,0,0,0,0,0,0,0,0,0,0,0,0,0,0,0,0,0,0,0,0,0,0,0,6,0,0,0,0,0,0,0,0,0,0,0,0,0,0,0,0,0,0,0,0,0,0,0,0,Fungi,Ascomycota,Eurotiomycetes,Eurotiales,Trichocomaceae,Talaromyces,NA
48a136b455bc24147ec19c238bd30d20,0,0,0,0,0,0,0,0,0,0,9,6,0,0,0,0,0,0,0,0,0,0,0,0,0,0,0,0,0,0,0,0,0,0,0,0,0,0,0,0,0,0,0,0,0,0,0,0,0,0,Fungi,Ascomycota,Eurotiomycetes,Eurotiales,Trichocomaceae,Talaromyces,Talaromyces_allahabadensis
1215d6b2dacd294a3660220cf761259a,0,0,0,0,0,0,0,0,0,0,33,10,0,0,0,0,0,0,0,0,0,0,0,0,0,0,0,0,0,0,0,0,0,0,0,0,0,0,0,0,0,0,0,0,0,0,0,0,0,0,Fungi,Ascomycota,Eurotiomycetes,Eurotiales,Trichocomaceae,Talaromyces,Talaromyces_wortmannii
54f0aaa24c901b4eaf90cceb12c2f0f3,0,0,22,21,0,0,0,0,3,0,36,0,0,0,0,0,0,0,0,0,0,0,0,32,0,0,5,0,0,0,0,0,0,0,0,0,0,0,0,0,0,0,0,0,0,0,0,0,0,0,Fungi,Ascomycota,Eurotiomycetes,Eurotiales,Aspergillaceae,Penicillium,Penicillium_concavorugulosum
c6cb0fce33317aabe68e1fc7c7f67e8a,0,0,0,0,0,0,0,10,0,0,2104,271,61,0,0,0,0,0,0,0,0,0,3,146,8,0,0,40,16,0,0,0,0,0,0,0,0,0,0,0,0,0,0,0,0,0,0,0,0,0,Fungi,Ascomycota,Eurotiomycetes,Eurotiales,NA,NA,NA
760ac60394496035c329d5d0bae373ea,0,0,0,0,0,0,0,0,0,0,0,0,0,0,0,0,0,0,0,0,0,0,0,0,0,27,0,0,0,0,0,0,0,0,0,0,0,0,0,0,0,0,0,0,0,0,0,0,0,0,Fungi,Basidiomycota,Agaricomycetes,Russulales,Peniophoraceae,Peniophora,Peniophora_laxitexta
316cc09eeb9e65115b3f6063b50ba894,11,0,0,0,0,2,0,0,0,0,3,0,2,0,0,0,0,0,0,0,0,0,0,0,0,0,0,0,0,0,0,0,0,0,0,0,0,0,0,0,0,0,0,0,0,0,0,0,0,0,Fungi,Basidiomycota,Agaricomycetes,Russulales,Peniophoraceae,Peniophora,Peniophora_albobadia
c5e46b0e212ae6bf7c2d44a5f1dded42,0,0,0,0,0,0,0,0,0,0,0,0,0,0,0,0,0,0,0,0,0,0,0,0,0,53,0,0,0,0,0,0,0,0,0,0,0,0,0,0,0,0,0,0,0,0,0,0,0,0,Fungi,Basidiomycota,Agaricomycetes,Russulales,Peniophoraceae,Peniophora,unidentified
13eb8a5995da8e91907c64bb6a110519,0,0,0,0,0,0,0,0,0,0,0,0,0,0,0,0,0,0,0,0,0,0,0,0,0,35,0,0,0,0,0,0,0,0,0,0,0,0,0,0,0,0,0,0,0,0,0,0,0,0,Fungi,Basidiomycota,Agaricomycetes,Russulales,Peniophoraceae,Peniophora,unidentified
0dae3697b17e4991f4cba44d45128d71,0,0,0,0,0,0,0,0,0,0,0,0,0,0,0,0,0,0,0,0,0,0,0,0,0,7,0,0,0,0,0,0,0,0,0,0,0,0,0,0,0,0,0,0,0,0,0,0,0,0,Fungi,Basidiomycota,Agaricomycetes,Russulales,Peniophoraceae,Peniophora,Peniophora_aurantiaca
af22a84f8caff65ef8c9d0753700d4c6,8,0,0,0,0,0,0,0,0,0,0,0,0,0,0,0,0,0,0,0,0,0,0,0,0,0,0,0,0,0,0,0,0,0,0,0,0,0,0,0,0,0,0,0,0,0,0,0,0,0,Fungi,Basidiomycota,Agaricomycetes,Russulales,Peniophoraceae,Peniophora,Peniophora_laxitexta
0fe29651bc2a6bafc865c91bc1d8daf0,0,0,0,0,0,0,0,0,0,0,0,0,0,0,0,0,0,0,0,0,0,0,0,0,0,0,0,0,0,0,0,0,0,0,0,321,0,0,0,0,0,0,0,0,0,0,0,0,0,0,Fungi,Basidiomycota,Agaricomycetes,Russulales,Peniophoraceae,Peniophora,Peniophora_laxitexta
298d1158957c665d1a2e0400e65446c3,0,0,0,0,0,0,0,0,0,0,0,0,0,0,0,0,0,0,0,0,0,0,0,0,0,68,0,0,0,0,0,0,0,0,0,0,0,0,0,0,0,0,0,0,0,0,0,0,0,0,Fungi,Basidiomycota,Agaricomycetes,Russulales,Peniophoraceae,Peniophora,Peniophora_laxitexta
e1bb9264fc1774e4df87cfe3c28a7566,0,0,16,0,0,0,0,0,0,0,0,0,0,0,0,0,0,0,0,0,0,0,0,0,0,0,0,0,0,0,0,0,0,0,0,0,0,0,0,0,0,0,0,0,0,0,0,0,0,0,Fungi,Ascomycota,Eurotiomycetes,Eurotiales,Aspergillaceae,Aspergillus,Aspergillus_niger
07b3d9cb06226513a11680a166bf61a7,10,127,32651,714,0,5,4,107,42,4,97,84,39,1812,3976,74,3,0,3,7,0,0,4,15,0,0,89,0,6,0,0,0,0,0,0,472,0,0,0,0,0,0,2,0,0,0,0,0,0,0,Fungi,Ascomycota,Eurotiomycetes,Eurotiales,Aspergillaceae,Aspergillus,Aspergillus_niger
ae7f34e0ccf9487d737f70897a0c376d,0,0,0,0,0,0,0,0,0,0,0,0,0,0,0,0,0,0,0,0,0,0,0,0,0,0,0,0,0,0,2,0,0,0,0,0,0,0,0,0,0,0,0,0,0,0,0,0,0,0,Fungi,Ascomycota,Eurotiomycetes,Eurotiales,Aspergillaceae,Aspergillus,Aspergillus_brasiliensis
48d8315ece19f63032103c0db3e64047,0,72,0,0,0,0,0,0,0,0,21,6,13,0,0,0,0,0,0,0,0,0,0,0,0,0,0,0,0,0,0,0,0,0,0,0,0,0,0,0,0,0,0,0,0,0,0,0,0,0,Fungi,Ascomycota,Eurotiomycetes,Eurotiales,Aspergillaceae,Aspergillus,Aspergillus_terreus
15e4b984ae1de36fa8b34f074fb41943,0,0,0,0,0,0,0,0,0,0,0,0,0,0,0,0,8,0,0,0,0,0,0,0,0,0,0,0,0,0,0,0,0,0,0,0,0,0,0,0,0,0,0,0,0,0,13,0,0,0,Fungi,Ascomycota,Eurotiomycetes,Eurotiales,Aspergillaceae,Aspergillus,NA
6d8d84d64bc6c04daae8467482ce599f,0,0,0,0,0,0,0,0,0,0,0,0,0,0,0,0,0,0,0,0,0,0,0,0,0,0,0,0,0,0,0,0,0,0,0,0,0,3,0,0,0,0,0,2,0,0,0,0,12,0,Fungi,Ascomycota,Eurotiomycetes,Eurotiales,Aspergillaceae,Aspergillus,NA
9f9b4779bfe1c2c343bf8cf036edfe30,0,0,0,0,0,0,0,0,0,0,0,0,0,0,0,0,0,0,0,0,0,0,0,0,0,0,0,0,0,17,0,0,0,0,0,264,0,0,0,0,246,0,0,0,298,0,453,1326,0,249,Fungi,Ascomycota,Eurotiomycetes,Eurotiales,Aspergillaceae,Aspergillus,NA
b13e375cd16cb4007cc2a6f87c7574b9,0,0,0,0,0,0,0,0,0,0,0,0,0,0,0,0,0,0,0,0,0,0,0,0,0,0,0,0,0,0,0,0,0,0,0,0,0,0,0,0,0,0,0,0,0,0,0,272,0,0,Fungi,Ascomycota,Eurotiomycetes,Eurotiales,Aspergillaceae,Aspergillus,Aspergillus_flavus
f6e3534cc5f9c87a011a6883ab83015a,0,0,0,0,0,0,0,0,0,0,0,0,0,0,0,0,0,0,0,0,0,0,0,0,0,0,0,0,0,0,0,0,0,0,0,0,0,0,0,0,0,0,0,0,0,0,23,0,0,0,Fungi,Ascomycota,Eurotiomycetes,Eurotiales,Aspergillaceae,Aspergillus,NA
83c51a5c89c1ead4c47632b28dfc49ac,0,0,0,0,0,0,0,0,0,0,0,0,0,0,0,0,0,0,0,0,0,0,0,0,0,0,0,0,0,0,0,0,0,0,0,0,0,0,0,0,0,0,0,0,647,0,0,828,0,0,Fungi,Ascomycota,Eurotiomycetes,Eurotiales,Aspergillaceae,Aspergillus,Aspergillus_flavus
4794cdf01f5c60ae122223d3435563b6,0,0,0,0,0,0,2,3,0,0,0,0,0,0,0,0,0,0,0,0,0,0,0,0,0,0,0,0,0,0,0,0,0,0,0,0,0,0,0,0,0,0,0,0,0,0,0,0,0,0,Fungi,Ascomycota,Eurotiomycetes,Eurotiales,Aspergillaceae,Aspergillus,Aspergillus_subolivaceus
8e3d356dba2c59960fc474d729179322,0,0,0,0,0,0,0,0,0,0,0,0,0,0,0,0,0,0,0,0,0,0,0,0,0,0,0,0,0,0,0,0,0,0,0,0,0,0,0,0,0,0,0,0,0,0,0,77,0,0,Fungi,Ascomycota,Eurotiomycetes,Eurotiales,Aspergillaceae,Aspergillus,Aspergillus_flavus
a725bc9364fe3339f03b119855699c1f,0,0,0,0,0,0,0,0,0,0,0,0,0,0,0,0,0,0,0,0,0,0,0,0,0,0,0,0,0,0,0,0,0,0,0,0,0,0,0,0,0,0,0,0,164,0,0,0,0,0,Fungi,Ascomycota,Eurotiomycetes,Eurotiales,Aspergillaceae,Aspergillus,Aspergillus_flavus
219e52ea6a82037378b0cd6856ecc681,0,0,0,0,0,0,0,0,0,0,0,0,0,0,0,0,0,0,0,0,0,0,0,0,0,0,0,0,0,0,0,0,0,0,0,0,0,0,0,0,0,0,0,0,0,0,0,237,0,0,Fungi,Ascomycota,Eurotiomycetes,Eurotiales,Aspergillaceae,Aspergillus,Aspergillus_flavus
06ee4aa94b2b7521c7b13c1fb07879bf,2887,2892,6344,61285,118842,132419,210908,124168,26602,46953,5688,2303,1137,5517,2696,39448,135527,71706,216776,106208,16222,81482,1141,330,0,715,185,152,294,3509,49719,36724,89821,96861,191327,11420,0,0,8201,1099,7212,6847,4198,9209,148931,239529,214842,206142,0,60595,Fungi,Ascomycota,Eurotiomycetes,Eurotiales,Aspergillaceae,Aspergillus,Aspergillus_flavus
f238a589635f01ddc3a300a2f6e63322,12624,17970,1496,374,31671,37587,17953,1591,10244,0,18962,97703,108233,89090,400,0,16881,15122,8856,0,5156,998,16460,2622,41636,548,107,97,124,1009,133593,114314,0,1123,0,46255,192702,230394,14667,641,4391,10970,38231,44202,0,0,1451,26868,234161,141218,Fungi,Ascomycota,Eurotiomycetes,Eurotiales,Aspergillaceae,Aspergillus,Aspergillus_flavus
2937f4bfe112a59efdeb7f63975cc692,0,0,0,0,0,0,0,0,0,0,0,0,0,0,0,0,0,0,0,0,0,0,0,0,0,0,0,0,0,0,0,0,0,0,0,0,0,0,149,0,0,0,0,0,0,0,0,0,0,0,Fungi,Ascomycota,Eurotiomycetes,Eurotiales,Aspergillaceae,Aspergillus,Aspergillus_flavus
11437ca835e6f701e9b7757acef9281f,0,0,0,0,0,0,0,0,0,0,0,0,0,0,0,0,0,0,0,0,0,0,0,0,0,0,0,0,0,0,0,0,0,0,0,0,0,0,0,0,0,0,7,0,0,0,0,0,0,0,Fungi,Ascomycota,Eurotiomycetes,Eurotiales,Aspergillaceae,Aspergillus,Aspergillus_flavus
c7649ed201d66e7dd1116d81d8c60847,0,0,0,0,0,13,7,0,0,24,0,0,0,0,0,0,0,0,0,0,0,0,0,0,0,0,0,0,0,0,0,0,0,0,0,0,0,0,0,0,0,0,0,0,0,0,0,0,0,0,Fungi,Ascomycota,Eurotiomycetes,Eurotiales,Aspergillaceae,Aspergillus,Aspergillus_flavus
41e794354ded1d4200a4c7c59ac9f196,0,0,0,0,0,0,0,0,0,0,0,0,0,0,0,0,0,0,0,0,0,0,0,0,0,0,0,0,0,0,0,0,0,0,0,0,0,0,0,0,0,0,4,0,0,0,0,0,0,0,Fungi,Ascomycota,Eurotiomycetes,Eurotiales,Aspergillaceae,Aspergillus,Aspergillus_flavus
588dcc69d3bdba3b6ace9a1b543474f3,0,0,0,0,0,7,5,3,9,0,0,0,0,0,0,0,0,7,5,0,0,0,0,0,0,0,0,0,0,0,0,0,10,0,0,0,0,0,0,0,0,0,0,0,0,0,0,0,0,0,Fungi,Ascomycota,Eurotiomycetes,Eurotiales,Aspergillaceae,Aspergillus,Aspergillus_flavus
8b8c939fced33f16d3ef429df6124d2a,0,0,0,0,0,7,31,0,0,4,0,3,0,0,0,0,0,0,0,0,4,7,0,0,0,0,0,0,0,0,0,16,0,0,0,0,0,0,0,0,0,0,0,0,4,0,0,0,0,0,Fungi,Ascomycota,Sordariomycetes,Hypocreales,Nectriaceae,Fusarium,NA
1d407cd04d599496a409f9113c4ef844,0,0,0,0,0,0,0,0,0,0,26,10,0,0,0,0,0,0,0,0,0,0,6,7,0,0,0,0,0,0,0,0,0,0,0,0,0,0,0,0,0,0,0,0,0,0,0,0,0,0,Fungi,Ascomycota,Eurotiomycetes,Eurotiales,Aspergillaceae,Aspergillus,Aspergillus_flavus
ca6e63811b4b86674b317ae4772e7d6a,235,0,0,0,0,0,0,0,0,0,0,0,0,0,0,0,0,0,0,0,0,0,0,0,0,0,0,0,0,0,0,0,0,0,0,0,0,0,0,0,0,0,0,0,0,0,0,0,0,0,Fungi,Ascomycota,Eurotiomycetes,Eurotiales,Aspergillaceae,Aspergillus,Aspergillus_flavus
